id,performed_on,day_name,planned_exercise,performed_exercise,sets,reps,weight,rir,pain,notes,set_number,created_at
35776,2026-09-29,Monday,Cable or machine lateral raise,Single-arm cable lateral raise,1,12,2.5,0,0,,4,2026-09-30T18:10:27.721437-03:00
35775,2026-09-29,Monday,Cable or machine lateral raise,Single-arm cable lateral raise,1,12,2.5,0,0,,3,2026-09-30T18:10:27.721437-03:00
35774,2026-09-29,Monday,Cable or machine lateral raise,Single-arm cable lateral raise,1,12,2.5,0,0,,2,2026-09-30T18:10:27.721437-03:00
35773,2026-09-29,Monday,Cable or machine lateral raise,Single-arm cable lateral raise,1,12,2.5,0,0,,1,2026-09-30T18:10:27.721437-03:00
34926,2026-09-29,Monday,Pec deck,Pec deck,1,10,72.5,0,0,,3,2026-09-30T18:09:37.819865-03:00
34925,2026-09-29,Monday,Pec deck,Pec deck,1,10,72.5,0,0,,2,2026-09-30T18:09:37.819865-03:00
34924,2026-09-29,Monday,Pec deck,Pec deck,1,10,72.5,0,0,,1,2026-09-30T18:09:37.819865-03:00
34923,2026-09-29,Monday,Incline machine chest press,Incline machine chest press,1,8,70.0,0,0,,1,2026-09-30T18:09:18.881869-03:00
34922,2026-09-29,Monday,Incline machine chest press,Incline machine chest press,1,8,70.0,0,0,,2,2026-09-30T18:09:18.881869-03:00
34921,2026-09-29,Monday,Incline machine chest press,Incline machine chest press,1,8,70.0,0,0,,3,2026-09-30T18:09:18.881869-03:00
34920,2026-09-29,Monday,Incline machine chest press,Incline machine chest press,1,7,70.0,0,0,,4,2026-09-30T18:09:18.881869-03:00
34919,2026-09-29,Monday,Machine shoulder press,Machine shoulder press,1,8,40.0,0,0,,1,2026-09-30T18:09:56.394700-03:00
34918,2026-09-29,Monday,Machine shoulder press,Machine shoulder press,1,8,40.0,0,0,,2,2026-09-30T18:09:56.394700-03:00
34917,2026-09-29,Monday,Machine shoulder press,Machine shoulder press,1,8,40.0,0,0,,3,2026-09-30T18:09:56.394700-03:00
34945,2026-09-26,Saturday,Machine crunch,Machine crunch,1,10,85.0,0,0,,3,2026-09-30T13:35:45.909706-03:00
34944,2026-09-26,Saturday,Machine crunch,Machine crunch,1,15,85.0,0,0,,2,2026-09-30T13:35:45.909706-03:00
34943,2026-09-26,Saturday,Machine crunch,Machine crunch,1,15,85.0,0,0,,1,2026-09-30T13:35:45.909706-03:00
34942,2026-09-26,Saturday,Machine hip thrust,Machine hip thrust,1,10,160.0,1,0,,3,2026-09-30T13:34:51.242487-03:00
34941,2026-09-26,Saturday,Machine hip thrust,Machine hip thrust,1,10,160.0,1,0,,2,2026-09-30T13:34:51.242487-03:00
34940,2026-09-26,Saturday,Machine hip thrust,Machine hip thrust,1,10,160.0,1,0,,1,2026-09-30T13:34:51.242487-03:00
34939,2026-09-26,Saturday,Seated leg curl,Seated leg curl,1,10,95.0,1,0,,3,2026-09-30T13:34:11.121657-03:00
34938,2026-09-26,Saturday,Seated leg curl,Seated leg curl,1,10,95.0,1,0,,2,2026-09-30T13:34:11.121657-03:00
34937,2026-09-26,Saturday,Seated leg curl,Seated leg curl,1,10,95.0,1,0,,1,2026-09-30T13:34:11.121657-03:00
34936,2026-09-26,Saturday,Leg press,Leg press,1,10,240.0,1,0,,1,2026-09-30T13:33:52.359540-03:00
34935,2026-09-26,Saturday,Leg press,Leg press,1,10,260.0,1,0,,2,2026-09-30T13:33:52.359540-03:00
34934,2026-09-26,Saturday,Leg press,Leg press,1,10,280.0,1,0,,3,2026-09-30T13:33:52.359540-03:00
34933,2026-09-26,Saturday,Leg extension,Leg extension,1,12,95.0,0,0,,1,2026-09-30T13:34:34.032579-03:00
34932,2026-09-26,Saturday,Leg extension,Leg extension,1,12,95.0,0,0,,2,2026-09-30T13:34:34.032579-03:00
34931,2026-09-26,Saturday,Leg extension,Leg extension,1,12,95.0,0,0,,3,2026-09-30T13:34:34.032579-03:00
34930,2026-09-26,Saturday,Leg extension,Leg extension,1,12,95.0,0,0,,4,2026-09-30T13:34:34.032579-03:00
34929,2026-09-26,Saturday,Hip abductor machine,Hip abductor machine,1,15,95.0,1,0,,1,2026-09-30T13:35:20.212198-03:00
34928,2026-09-26,Saturday,Hip abductor machine,Hip abductor machine,1,15,102.5,1,0,,2,2026-09-30T13:35:20.212198-03:00
34927,2026-09-26,Saturday,Hip abductor machine,Hip abductor machine,1,15,110.0,1,0,,3,2026-09-30T13:35:20.212198-03:00
34968,2026-09-25,Friday,Machine or cable curl,Machine or cable curl,1,8,53.0,0,0,,3,2026-09-30T13:32:43.059300-03:00
34967,2026-09-25,Friday,Machine or cable curl,Machine or cable curl,1,10,53.0,0,0,,2,2026-09-30T13:32:43.059300-03:00
34966,2026-09-25,Friday,Machine or cable curl,Machine or cable curl,1,10,53.0,0,0,,1,2026-09-30T13:32:43.059300-03:00
34965,2026-09-25,Friday,Neutral-grip lat pulldown,Neutral-grip lat pulldown,1,8,68.0,0,0,,4,2026-09-30T13:31:58.714447-03:00
34964,2026-09-25,Friday,Neutral-grip lat pulldown,Neutral-grip lat pulldown,1,8,68.0,0,0,,3,2026-09-30T13:31:58.714447-03:00
34963,2026-09-25,Friday,Neutral-grip lat pulldown,Neutral-grip lat pulldown,1,8,68.0,0,0,,2,2026-09-30T13:31:58.714447-03:00
34962,2026-09-25,Friday,Neutral-grip lat pulldown,Neutral-grip lat pulldown,1,8,68.0,0,0,,1,2026-09-30T13:31:58.714447-03:00
34961,2026-09-25,Friday,Machine shoulder press,Machine shoulder press,1,8,40.0,0,0,,3,2026-09-30T13:31:18.601698-03:00
34960,2026-09-25,Friday,Machine shoulder press,Machine shoulder press,1,8,40.0,0,0,,2,2026-09-30T13:31:18.601698-03:00
34959,2026-09-25,Friday,Machine shoulder press,Machine shoulder press,1,8,40.0,0,0,,1,2026-09-30T13:31:18.601698-03:00
34958,2026-09-25,Friday,Machine chest press,Machine chest press,1,6,70.0,0,0,,4,2026-09-30T13:30:33.142988-03:00
34957,2026-09-25,Friday,Machine chest press,Machine chest press,1,8,70.0,0,0,,3,2026-09-30T13:30:33.142988-03:00
34956,2026-09-25,Friday,Machine chest press,Machine chest press,1,8,70.0,0,0,,2,2026-09-30T13:30:33.142988-03:00
34955,2026-09-25,Friday,Machine chest press,Machine chest press,1,8,70.0,0,0,,1,2026-09-30T13:30:33.142988-03:00
34954,2026-09-25,Friday,Pec deck,Pec deck,1,10,72.5,0,0,,1,2026-09-30T13:30:59.174905-03:00
34953,2026-09-25,Friday,Pec deck,Pec deck,1,10,72.5,0,0,,2,2026-09-30T13:30:59.174905-03:00
34952,2026-09-25,Friday,Pec deck,Pec deck,1,10,72.5,0,0,,3,2026-09-30T13:30:59.174905-03:00
34951,2026-09-25,Friday,Cable triceps pushdown,Cable triceps pushdown,1,10,38.5,0,0,,1,2026-09-30T13:31:42.520943-03:00
34950,2026-09-25,Friday,Cable triceps pushdown,Cable triceps pushdown,1,10,38.5,0,0,,2,2026-09-30T13:31:42.520943-03:00
34949,2026-09-25,Friday,Cable triceps pushdown,Cable triceps pushdown,1,10,38.5,0,0,,3,2026-09-30T13:31:42.520943-03:00
34948,2026-09-25,Friday,Chest-supported row,Chest-supported row,1,10,70.0,1,0,,1,2026-09-30T13:32:24.058686-03:00
34947,2026-09-25,Friday,Chest-supported row,Chest-supported row,1,9,70.0,1,0,,2,2026-09-30T13:32:24.058686-03:00
34946,2026-09-25,Friday,Chest-supported row,Chest-supported row,1,8,70.0,1,0,,3,2026-09-30T13:32:24.058686-03:00
34989,2026-09-23,Wednesday,Hip adductor machine,Hip adductor machine,1,10,110.0,0,0,,3,2026-09-24T17:15:16.883247-03:00
34988,2026-09-23,Wednesday,Hip adductor machine,Hip adductor machine,1,12,102.5,0,0,,2,2026-09-24T17:15:16.883247-03:00
34987,2026-09-23,Wednesday,Hip adductor machine,Hip adductor machine,1,15,87.5,0,0,,1,2026-09-24T17:15:16.883247-03:00
34986,2026-09-23,Wednesday,Supported split squat or low step-up,Supported split squat or low step-up,1,8,22.0,2,0,,3,2026-09-24T17:14:27.902561-03:00
34985,2026-09-23,Wednesday,Supported split squat or low step-up,Supported split squat or low step-up,1,8,22.0,2,0,,2,2026-09-24T17:14:27.902561-03:00
34984,2026-09-23,Wednesday,Supported split squat or low step-up,Supported split squat or low step-up,1,8,22.0,2,0,,1,2026-09-24T17:14:27.902561-03:00
34983,2026-09-23,Wednesday,Seated or lying leg curl,Seated or lying leg curl,1,10,95.0,1,0,,4,2026-09-24T17:13:51.373839-03:00
34982,2026-09-23,Wednesday,Seated or lying leg curl,Seated or lying leg curl,1,8,95.0,1,0,,3,2026-09-24T17:13:51.373839-03:00
34981,2026-09-23,Wednesday,Seated or lying leg curl,Seated or lying leg curl,1,10,95.0,1,0,,2,2026-09-24T17:13:51.373839-03:00
34980,2026-09-23,Wednesday,Seated or lying leg curl,Seated or lying leg curl,1,10,95.0,1,0,,1,2026-09-24T17:13:51.373839-03:00
34979,2026-09-23,Wednesday,Leg press,Leg press,1,10,230.0,1,0,,1,2026-09-24T17:14:11.844121-03:00
34978,2026-09-23,Wednesday,Leg press,Leg press,1,10,240.0,1,0,,2,2026-09-24T17:14:11.844121-03:00
34977,2026-09-23,Wednesday,Leg press,Leg press,1,10,240.0,1,0,,3,2026-09-24T17:14:11.844121-03:00
34976,2026-09-23,Wednesday,Machine hip thrust,Machine hip thrust,1,8,160.0,1,0,,1,2026-09-24T17:14:51.793097-03:00
34975,2026-09-23,Wednesday,Machine hip thrust,Machine hip thrust,1,8,160.0,1,0,,2,2026-09-24T17:14:51.793097-03:00
34974,2026-09-23,Wednesday,Machine hip thrust,Machine hip thrust,1,8,160.0,1,0,,3,2026-09-24T17:14:51.793097-03:00
34973,2026-09-23,Wednesday,Machine hip thrust,Machine hip thrust,1,8,160.0,1,0,,4,2026-09-24T17:14:51.793097-03:00
34972,2026-09-23,Wednesday,Pallof press,Pallof press,1,15,10.0,1,0,,1,2026-09-24T17:15:38.775323-03:00
34971,2026-09-23,Wednesday,Pallof press,Pallof press,1,15,10.0,1,0,,2,2026-09-24T17:15:38.775323-03:00
34970,2026-09-23,Wednesday,Pallof press,Pallof press,1,15,10.0,1,0,,3,2026-09-24T17:15:38.775323-03:00
34969,2026-09-23,Wednesday,Pallof press,Pallof press,1,15,10.0,1,0,,4,2026-09-24T17:15:38.775323-03:00
35010,2026-09-22,Tuesday,Cable or machine curl,Cable or machine curl,1,10,53.0,0,0,,3,2026-09-24T17:12:46.848756-03:00
35009,2026-09-22,Tuesday,Cable or machine curl,Cable or machine curl,1,10,53.0,0,0,,2,2026-09-24T17:12:46.848756-03:00
35008,2026-09-22,Tuesday,Cable or machine curl,Cable or machine curl,1,10,53.0,0,0,,1,2026-09-24T17:12:46.848756-03:00
35007,2026-09-22,Tuesday,One-arm cable row,One-arm cable row,1,12,40.0,0,0,,3,2026-09-24T17:11:54.165615-03:00
35006,2026-09-22,Tuesday,One-arm cable row,One-arm cable row,1,12,36.0,0,0,,2,2026-09-24T17:11:54.165615-03:00
35005,2026-09-22,Tuesday,One-arm cable row,One-arm cable row,1,20,30.0,0,0,,1,2026-09-24T17:11:54.165615-03:00
35004,2026-09-22,Tuesday,Neutral-grip lat pulldown,Neutral-grip lat pulldown,1,8,68.0,0,0,,4,2026-09-24T17:10:59.048110-03:00
35003,2026-09-22,Tuesday,Neutral-grip lat pulldown,Neutral-grip lat pulldown,1,8,68.0,0,0,,3,2026-09-24T17:10:59.048110-03:00
35002,2026-09-22,Tuesday,Neutral-grip lat pulldown,Neutral-grip lat pulldown,1,8,68.0,0,0,,2,2026-09-24T17:10:59.048110-03:00
35001,2026-09-22,Tuesday,Neutral-grip lat pulldown,Neutral-grip lat pulldown,1,8,61.0,0,0,,1,2026-09-24T17:10:59.048110-03:00
35000,2026-09-22,Tuesday,Chest-supported machine row,Chest-supported machine row,1,8,70.0,0,0,,1,2026-09-24T17:11:14.307423-03:00
34999,2026-09-22,Tuesday,Chest-supported machine row,Chest-supported machine row,1,8,70.0,0,0,,2,2026-09-24T17:11:14.307423-03:00
34998,2026-09-22,Tuesday,Chest-supported machine row,Chest-supported machine row,1,8,70.0,0,0,,3,2026-09-24T17:11:14.307423-03:00
34997,2026-09-22,Tuesday,Chest-supported machine row,Chest-supported machine row,1,8,70.0,0,0,,4,2026-09-24T17:11:14.307423-03:00
34996,2026-09-22,Tuesday,Reverse pec deck,Reverse pec deck,1,12,42.5,0,0,,1,2026-09-24T17:12:33.268327-03:00
34995,2026-09-22,Tuesday,Reverse pec deck,Reverse pec deck,1,12,50.0,0,0,,2,2026-09-24T17:12:33.268327-03:00
34994,2026-09-22,Tuesday,Reverse pec deck,Reverse pec deck,1,12,50.0,0,0,,3,2026-09-24T17:12:33.268327-03:00
34993,2026-09-22,Tuesday,Reverse pec deck,Reverse pec deck,1,12,50.0,0,0,,4,2026-09-24T17:12:33.268327-03:00
34992,2026-09-22,Tuesday,Hammer curl,Hammer curl,1,9,12.0,0,0,,1,2026-09-24T17:13:07.263564-03:00
34991,2026-09-22,Tuesday,Hammer curl,Hammer curl,1,9,12.0,0,0,,2,2026-09-24T17:13:07.263564-03:00
34990,2026-09-22,Tuesday,Hammer curl,Hammer curl,1,10,12.0,0,0,,3,2026-09-24T17:13:07.263564-03:00
35033,2026-09-21,Monday,Cable triceps pushdown,Cable triceps pushdown,1,10,38.5,0,0,,3,2026-09-24T17:09:59.827566-03:00
35032,2026-09-21,Monday,Cable triceps pushdown,Cable triceps pushdown,1,10,38.5,0,0,,2,2026-09-24T17:09:59.827566-03:00
35031,2026-09-21,Monday,Cable triceps pushdown,Cable triceps pushdown,1,10,37.5,0,0,,1,2026-09-24T17:09:59.827566-03:00
35030,2026-09-21,Monday,Machine shoulder press,Machine shoulder press,1,10,40.0,0,0,,3,2026-09-24T17:07:41.411605-03:00
35029,2026-09-21,Monday,Machine shoulder press,Machine shoulder press,1,10,40.0,0,0,,2,2026-09-24T17:07:41.411605-03:00
35028,2026-09-21,Monday,Machine shoulder press,Machine shoulder press,1,10,40.0,0,0,,1,2026-09-24T17:07:41.411605-03:00
35027,2026-09-21,Monday,Incline machine chest press,Incline machine chest press,1,8,70.0,0,0,,4,2026-09-24T17:07:01.557433-03:00
35026,2026-09-21,Monday,Incline machine chest press,Incline machine chest press,1,8,70.0,0,0,,3,2026-09-24T17:07:01.557433-03:00
35025,2026-09-21,Monday,Incline machine chest press,Incline machine chest press,1,8,70.0,0,0,,2,2026-09-24T17:07:01.557433-03:00
35024,2026-09-21,Monday,Incline machine chest press,Incline machine chest press,1,8,70.0,0,0,,1,2026-09-24T17:07:01.557433-03:00
35023,2026-09-21,Monday,Machine crunch,Machine crunch,1,10,80.0,1,0,,1,2026-09-21T09:10:24.157078-03:00
35022,2026-09-21,Monday,Machine crunch,Machine crunch,1,13,85.0,1,0,,2,2026-09-21T09:10:24.157078-03:00
35021,2026-09-21,Monday,Machine crunch,Machine crunch,1,11,85.0,1,0,,3,2026-09-21T09:10:24.157078-03:00
35020,2026-09-21,Monday,Pec deck,Pec deck,1,10,67.5,0,0,,1,2026-09-24T17:07:26.007661-03:00
35019,2026-09-21,Monday,Pec deck,Pec deck,1,10,70.0,0,0,,2,2026-09-24T17:07:26.007661-03:00
35018,2026-09-21,Monday,Pec deck,Pec deck,1,10,70.0,0,0,,3,2026-09-24T17:07:26.007661-03:00
35017,2026-09-21,Monday,Cable or machine lateral raise,Cable or machine lateral raise,1,12,6.5,0,0,,1,2026-09-24T17:09:06.590493-03:00
35016,2026-09-21,Monday,Cable or machine lateral raise,Cable or machine lateral raise,1,12,6.5,0,0,,2,2026-09-24T17:09:06.590493-03:00
35015,2026-09-21,Monday,Cable or machine lateral raise,Cable or machine lateral raise,1,12,6.5,0,0,,3,2026-09-24T17:09:06.590493-03:00
35014,2026-09-21,Monday,Cable or machine lateral raise,Cable or machine lateral raise,1,12,6.5,0,0,,4,2026-09-24T17:09:06.590493-03:00
35013,2026-09-21,Monday,Overhead cable triceps extension,Overhead cable triceps extension,1,10,18.5,0,0,,1,2026-09-24T17:10:19.812890-03:00
35012,2026-09-21,Monday,Overhead cable triceps extension,Overhead cable triceps extension,1,10,18.5,0,0,,2,2026-09-24T17:10:19.812890-03:00
35011,2026-09-21,Monday,Overhead cable triceps extension,Overhead cable triceps extension,1,10,18.5,0,0,,3,2026-09-24T17:10:19.812890-03:00
35045,2026-09-19,Saturday,Machine hip thrust,Machine hip thrust,1,10,120.0,2,0,,3,2026-09-21T08:16:21.316204-03:00
35044,2026-09-19,Saturday,Machine hip thrust,Machine hip thrust,1,10,120.0,2,0,,2,2026-09-21T08:16:21.316204-03:00
35043,2026-09-19,Saturday,Machine hip thrust,Machine hip thrust,1,10,120.0,2,0,,1,2026-09-21T08:16:21.316204-03:00
35042,2026-09-19,Saturday,Seated leg curl,Seated leg curl,1,10,95.0,0,0,,3,2026-09-21T08:15:47.534315-03:00
35041,2026-09-19,Saturday,Seated leg curl,Seated leg curl,1,10,95.0,0,0,,2,2026-09-21T08:15:47.534315-03:00
35040,2026-09-19,Saturday,Seated leg curl,Seated leg curl,1,10,95.0,0,0,,1,2026-09-21T08:15:47.534315-03:00
35039,2026-09-19,Saturday,Leg press,Leg press,1,10,220.0,1,0,,1,2026-09-21T08:15:33.145815-03:00
35038,2026-09-19,Saturday,Leg press,Leg press,1,10,220.0,1,0,,2,2026-09-21T08:15:33.145815-03:00
35037,2026-09-19,Saturday,Leg press,Leg press,1,10,220.0,1,0,,3,2026-09-21T08:15:33.145815-03:00
35036,2026-09-19,Saturday,Leg extension,Leg extension,1,12,87.5,0,0,,1,2026-09-21T08:16:03.937385-03:00
35035,2026-09-19,Saturday,Leg extension,Leg extension,1,12,95.0,0,0,,2,2026-09-21T08:16:03.937385-03:00
35034,2026-09-19,Saturday,Leg extension,Leg extension,1,12,95.0,0,0,,3,2026-09-21T08:16:03.937385-03:00
35065,2026-09-18,Friday,Machine or cable curl,Machine or cable curl,1,10,53.0,0,0,,3,2026-09-19T19:25:41.044343-03:00
35064,2026-09-18,Friday,Machine or cable curl,Machine or cable curl,1,10,53.0,0,0,,2,2026-09-19T19:25:41.044343-03:00
35063,2026-09-18,Friday,Machine or cable curl,Machine or cable curl,1,10,53.0,0,0,,1,2026-09-19T19:25:41.044343-03:00
35062,2026-09-18,Friday,Machine shoulder press,Machine shoulder press,1,8,40.0,0,0,,3,2026-09-19T19:25:05.045936-03:00
35061,2026-09-18,Friday,Machine shoulder press,Machine shoulder press,1,8,40.0,0,0,,2,2026-09-19T19:25:05.045936-03:00
35060,2026-09-18,Friday,Machine shoulder press,Machine shoulder press,1,8,40.0,0,0,,1,2026-09-19T19:25:05.045936-03:00
35059,2026-09-18,Friday,Neutral-grip lat pulldown,Neutral-grip lat pulldown,1,8,61.0,0,0,,4,2026-09-19T19:24:37.693990-03:00
35058,2026-09-18,Friday,Neutral-grip lat pulldown,Neutral-grip lat pulldown,1,8,61.0,0,0,,3,2026-09-19T19:24:37.693990-03:00
35057,2026-09-18,Friday,Neutral-grip lat pulldown,Neutral-grip lat pulldown,1,8,61.0,0,0,,2,2026-09-19T19:24:37.693990-03:00
35056,2026-09-18,Friday,Neutral-grip lat pulldown,Neutral-grip lat pulldown,1,8,61.0,0,0,,1,2026-09-19T19:24:37.693990-03:00
35055,2026-09-18,Friday,Machine chest press,Machine chest press,1,8,70.0,0,0,,1,2026-09-19T19:24:21.726780-03:00
35054,2026-09-18,Friday,Machine chest press,Machine chest press,1,8,70.0,0,0,,2,2026-09-19T19:24:21.726780-03:00
35053,2026-09-18,Friday,Machine chest press,Machine chest press,1,8,70.0,0,0,,3,2026-09-19T19:24:21.726780-03:00
35052,2026-09-18,Friday,Machine chest press,Machine chest press,1,8,70.0,0,0,,4,2026-09-19T19:24:21.726780-03:00
35051,2026-09-18,Friday,Chest-supported row,Chest-supported row,1,8,70.0,0,0,,1,2026-09-19T19:24:50.768195-03:00
35050,2026-09-18,Friday,Chest-supported row,Chest-supported row,1,8,70.0,0,0,,2,2026-09-19T19:24:50.768195-03:00
35049,2026-09-18,Friday,Chest-supported row,Chest-supported row,1,8,70.0,0,0,,3,2026-09-19T19:24:50.768195-03:00
35048,2026-09-18,Friday,Cable triceps pushdown,Cable triceps pushdown,1,10,37.5,0,0,,1,2026-09-19T19:25:22.005560-03:00
35047,2026-09-18,Friday,Cable triceps pushdown,Cable triceps pushdown,1,10,37.5,0,0,,2,2026-09-19T19:25:22.005560-03:00
35046,2026-09-18,Friday,Cable triceps pushdown,Cable triceps pushdown,1,10,37.5,0,0,,3,2026-09-19T19:25:22.005560-03:00
35079,2026-09-16,Wednesday,Leg press,Leg press,1,10,220.0,1,0,,3,2026-09-19T12:30:03.352595-03:00
35078,2026-09-16,Wednesday,Leg press,Leg press,1,10,220.0,1,0,,2,2026-09-19T12:30:03.352595-03:00
35077,2026-09-16,Wednesday,Leg press,Leg press,1,10,200.0,1,0,,1,2026-09-19T12:30:03.352595-03:00
35076,2026-09-16,Wednesday,Seated or lying leg curl,Seated or lying leg curl,1,10,95.0,0,0,,1,2026-09-19T12:29:39.127712-03:00
35075,2026-09-16,Wednesday,Seated or lying leg curl,Seated or lying leg curl,1,8,95.0,0,0,,2,2026-09-19T12:29:39.127712-03:00
35074,2026-09-16,Wednesday,Seated or lying leg curl,Seated or lying leg curl,1,8,95.0,0,0,,3,2026-09-19T12:29:39.127712-03:00
35073,2026-09-16,Wednesday,Seated or lying leg curl,Seated or lying leg curl,1,8,95.0,0,0,,4,2026-09-19T12:29:39.127712-03:00
35072,2026-09-16,Wednesday,Machine hip thrust,Machine hip thrust,1,8,160.0,1,0,,4,2026-09-19T12:31:46.059172-03:00
35071,2026-09-16,Wednesday,Machine hip thrust,Machine hip thrust,1,8,160.0,1,0,,3,2026-09-19T12:31:46.059172-03:00
35070,2026-09-16,Wednesday,Machine hip thrust,Machine hip thrust,1,8,160.0,1,0,,2,2026-09-19T12:31:46.059172-03:00
35069,2026-09-16,Wednesday,Machine hip thrust,Machine hip thrust,1,10,120.0,1,0,,1,2026-09-19T12:31:46.059172-03:00
35068,2026-09-16,Wednesday,Supported split squat or low step-up,Supported split squat or low step-up,1,8,22.0,2,0,,1,2026-09-19T12:31:07.958517-03:00
35067,2026-09-16,Wednesday,Supported split squat or low step-up,Supported split squat or low step-up,1,8,22.0,2,0,,2,2026-09-19T12:31:07.958517-03:00
35066,2026-09-16,Wednesday,Supported split squat or low step-up,Supported split squat or low step-up,1,8,22.0,2,0,,3,2026-09-19T12:31:07.958517-03:00
35100,2026-09-15,Tuesday,Hammer curl,Hammer curl,1,10,12.0,0,0,,3,2026-09-17T07:59:10.274409-03:00
35099,2026-09-15,Tuesday,Hammer curl,Hammer curl,1,10,12.0,0,0,,2,2026-09-17T07:59:10.274409-03:00
35098,2026-09-15,Tuesday,Hammer curl,Hammer curl,1,10,10.0,0,0,,1,2026-09-17T07:59:10.274409-03:00
35097,2026-09-15,Tuesday,Reverse pec deck,Reverse pec deck,1,12,42.5,1,0,,4,2026-09-17T07:58:22.459804-03:00
35096,2026-09-15,Tuesday,Reverse pec deck,Reverse pec deck,1,12,42.5,1,0,,3,2026-09-17T07:58:22.459804-03:00
35095,2026-09-15,Tuesday,Reverse pec deck,Reverse pec deck,1,12,40.0,1,0,,2,2026-09-17T07:58:22.459804-03:00
35094,2026-09-15,Tuesday,Reverse pec deck,Reverse pec deck,1,12,40.0,1,0,,1,2026-09-17T07:58:22.459804-03:00
35093,2026-09-15,Tuesday,Chest-supported machine row,Chest-supported machine row,1,9,65.0,1,0,,4,2026-09-17T07:57:12.566179-03:00
35092,2026-09-15,Tuesday,Chest-supported machine row,Chest-supported machine row,1,9,65.0,1,0,,3,2026-09-17T07:57:12.566179-03:00
35091,2026-09-15,Tuesday,Chest-supported machine row,Chest-supported machine row,1,8,65.0,1,0,,2,2026-09-17T07:57:12.566179-03:00
35090,2026-09-15,Tuesday,Chest-supported machine row,Chest-supported machine row,1,8,65.0,1,0,,1,2026-09-17T07:57:12.566179-03:00
35089,2026-09-15,Tuesday,Neutral-grip lat pulldown,Neutral-grip lat pulldown,1,8,50.0,0,0,,1,2026-09-17T07:56:49.587254-03:00
35088,2026-09-15,Tuesday,Neutral-grip lat pulldown,Neutral-grip lat pulldown,1,8,55.0,0,0,,2,2026-09-17T07:56:49.587254-03:00
35087,2026-09-15,Tuesday,Neutral-grip lat pulldown,Neutral-grip lat pulldown,1,8,60.0,0,0,,3,2026-09-17T07:56:49.587254-03:00
35086,2026-09-15,Tuesday,Neutral-grip lat pulldown,Neutral-grip lat pulldown,1,8,60.0,0,0,,4,2026-09-17T07:56:49.587254-03:00
35085,2026-09-15,Tuesday,One-arm cable row,One-arm cable row,1,12,30.0,1,0,,1,2026-09-17T07:57:47.199513-03:00
35084,2026-09-15,Tuesday,One-arm cable row,One-arm cable row,1,12,30.0,1,0,,2,2026-09-17T07:57:47.199513-03:00
35083,2026-09-15,Tuesday,One-arm cable row,One-arm cable row,1,12,30.0,1,0,,3,2026-09-17T07:57:47.199513-03:00
35082,2026-09-15,Tuesday,Cable or machine curl,Cable or machine curl,1,9,53.0,0,0,,1,2026-09-17T07:58:41.981677-03:00
35081,2026-09-15,Tuesday,Cable or machine curl,Cable or machine curl,1,10,53.0,0,0,,2,2026-09-17T07:58:41.981677-03:00
35080,2026-09-15,Tuesday,Cable or machine curl,Cable or machine curl,1,8,53.0,0,0,,3,2026-09-17T07:58:41.981677-03:00
35120,2026-09-14,Monday,Overhead cable triceps extension,Overhead cable triceps extension,1,8,17.5,0,0,,3,2026-09-17T07:56:02.085493-03:00
35119,2026-09-14,Monday,Overhead cable triceps extension,Overhead cable triceps extension,1,10,17.5,0,0,,2,2026-09-17T07:56:02.085493-03:00
35118,2026-09-14,Monday,Overhead cable triceps extension,Overhead cable triceps extension,1,10,15.0,0,0,,1,2026-09-17T07:56:02.085493-03:00
35117,2026-09-14,Monday,Cable or machine lateral raise,Dumbbell lateral raise,1,12,8.0,0,0,,4,2026-09-17T07:55:22.611584-03:00
35116,2026-09-14,Monday,Cable or machine lateral raise,Dumbbell lateral raise,1,12,8.0,0,0,,3,2026-09-17T07:55:22.611584-03:00
35115,2026-09-14,Monday,Cable or machine lateral raise,Dumbbell lateral raise,1,12,8.0,0,0,,2,2026-09-17T07:55:22.611584-03:00
35114,2026-09-14,Monday,Cable or machine lateral raise,Dumbbell lateral raise,1,12,8.0,0,0,,1,2026-09-17T07:55:22.611584-03:00
35113,2026-09-14,Monday,Pec deck,Pec deck,1,11,67.5,0,0,,3,2026-09-17T07:54:36.295028-03:00
35112,2026-09-14,Monday,Pec deck,Pec deck,1,10,67.5,0,0,,2,2026-09-17T07:54:36.295028-03:00
35111,2026-09-14,Monday,Pec deck,Pec deck,1,10,65.0,0,0,,1,2026-09-17T07:54:36.295028-03:00
35110,2026-09-14,Monday,Incline machine chest press,Incline machine chest press,1,8,70.0,0,0,,1,2026-09-17T07:54:14.668252-03:00
35109,2026-09-14,Monday,Incline machine chest press,Incline machine chest press,1,8,70.0,0,0,,2,2026-09-17T07:54:14.668252-03:00
35108,2026-09-14,Monday,Incline machine chest press,Incline machine chest press,1,8,70.0,0,0,,3,2026-09-17T07:54:14.668252-03:00
35107,2026-09-14,Monday,Incline machine chest press,Incline machine chest press,1,8,70.0,0,0,,4,2026-09-17T07:54:14.668252-03:00
35106,2026-09-14,Monday,Machine shoulder press,Machine shoulder press,1,8,40.0,0,0,,1,2026-09-17T07:54:52.507610-03:00
35105,2026-09-14,Monday,Machine shoulder press,Machine shoulder press,1,8,40.0,0,0,,2,2026-09-17T07:54:52.507610-03:00
35104,2026-09-14,Monday,Machine shoulder press,Machine shoulder press,1,8,40.0,0,0,,3,2026-09-17T07:54:52.507610-03:00
35103,2026-09-14,Monday,Cable triceps pushdown,Cable triceps pushdown,1,10,37.5,0,0,,1,2026-09-17T07:55:41.436782-03:00
35102,2026-09-14,Monday,Cable triceps pushdown,Cable triceps pushdown,1,10,37.5,0,0,,2,2026-09-17T07:55:41.436782-03:00
35101,2026-09-14,Monday,Cable triceps pushdown,Cable triceps pushdown,1,11,37.5,0,0,,3,2026-09-17T07:55:41.436782-03:00
35132,2026-09-12,Saturday,Machine hip thrust,Machine hip thrust,1,10,120.0,0,0,,3,2026-09-17T07:53:00.092406-03:00
35131,2026-09-12,Saturday,Machine hip thrust,Machine hip thrust,1,10,120.0,0,0,,2,2026-09-17T07:53:00.092406-03:00
35130,2026-09-12,Saturday,Machine hip thrust,Machine hip thrust,1,10,120.0,0,0,,1,2026-09-17T07:53:00.092406-03:00
35129,2026-09-12,Saturday,Seated leg curl,Seated leg curl,1,10,95.0,0,0,,3,2026-09-17T07:52:10.490649-03:00
35128,2026-09-12,Saturday,Seated leg curl,Seated leg curl,1,10,95.0,0,0,,2,2026-09-17T07:52:10.490649-03:00
35127,2026-09-12,Saturday,Seated leg curl,Seated leg curl,1,10,95.0,0,0,,1,2026-09-17T07:52:10.490649-03:00
35126,2026-09-12,Saturday,Leg press,Leg press,1,10,200.0,2,0,,1,2026-09-17T07:51:53.987226-03:00
35125,2026-09-12,Saturday,Leg press,Leg press,1,10,200.0,2,0,,2,2026-09-17T07:51:53.987226-03:00
35124,2026-09-12,Saturday,Leg press,Leg press,1,10,200.0,2,0,,3,2026-09-17T07:51:53.987226-03:00
35123,2026-09-12,Saturday,Leg extension,Leg extension,1,12,87.5,0,0,,1,2026-09-17T07:52:33.887954-03:00
35122,2026-09-12,Saturday,Leg extension,Leg extension,1,12,87.5,0,0,,2,2026-09-17T07:52:33.887954-03:00
35121,2026-09-12,Saturday,Leg extension,Leg extension,1,12,87.5,0,0,,3,2026-09-17T07:52:33.887954-03:00
35152,2026-09-11,Friday,Machine or cable curl,Dumbbell curl,1,10,30.0,0,0,,3,2026-09-14T16:14:18.710211-03:00
35151,2026-09-11,Friday,Machine or cable curl,Dumbbell curl,1,10,30.0,0,0,,2,2026-09-14T16:14:18.710211-03:00
35150,2026-09-11,Friday,Machine or cable curl,Dumbbell curl,1,10,30.0,0,0,,1,2026-09-14T16:14:18.710211-03:00
35149,2026-09-11,Friday,Machine shoulder press,Machine shoulder press,1,8,35.0,0,0,,3,2026-09-14T16:13:16.721330-03:00
35148,2026-09-11,Friday,Machine shoulder press,Machine shoulder press,1,8,35.0,0,0,,2,2026-09-14T16:13:16.721330-03:00
35147,2026-09-11,Friday,Machine shoulder press,Machine shoulder press,1,8,35.0,0,0,,1,2026-09-14T16:13:16.721330-03:00
35146,2026-09-11,Friday,Neutral-grip lat pulldown,Neutral-grip lat pulldown,1,8,68.0,0,0,,4,2026-09-14T16:12:13.338113-03:00
35145,2026-09-11,Friday,Neutral-grip lat pulldown,Neutral-grip lat pulldown,1,8,68.0,0,0,,3,2026-09-14T16:12:13.338113-03:00
35144,2026-09-11,Friday,Neutral-grip lat pulldown,Neutral-grip lat pulldown,1,8,68.0,0,0,,2,2026-09-14T16:12:13.338113-03:00
35143,2026-09-11,Friday,Neutral-grip lat pulldown,Neutral-grip lat pulldown,1,8,68.0,0,0,,1,2026-09-14T16:12:13.338113-03:00
35142,2026-09-11,Friday,Machine chest press,Machine chest press,1,8,70.0,0,0,,1,2026-09-14T16:11:54.333328-03:00
35141,2026-09-11,Friday,Machine chest press,Machine chest press,1,8,70.0,0,0,,2,2026-09-14T16:11:54.333328-03:00
35140,2026-09-11,Friday,Machine chest press,Machine chest press,1,8,70.0,0,0,,3,2026-09-14T16:11:54.333328-03:00
35139,2026-09-11,Friday,Machine chest press,Machine chest press,1,8,70.0,0,0,,4,2026-09-14T16:11:54.333328-03:00
35138,2026-09-11,Friday,Chest-supported row,Chest-supported row,1,11,65.0,0,0,,1,2026-09-14T16:12:38.255286-03:00
35137,2026-09-11,Friday,Chest-supported row,Chest-supported row,1,10,65.0,0,0,,2,2026-09-14T16:12:38.255286-03:00
35136,2026-09-11,Friday,Chest-supported row,Chest-supported row,1,10,65.0,0,0,,3,2026-09-14T16:12:38.255286-03:00
35135,2026-09-11,Friday,Cable triceps pushdown,Cable triceps pushdown,1,10,35.0,0,0,,1,2026-09-14T16:13:49.194669-03:00
35134,2026-09-11,Friday,Cable triceps pushdown,Cable triceps pushdown,1,10,35.0,0,0,,2,2026-09-14T16:13:49.194669-03:00
35133,2026-09-11,Friday,Cable triceps pushdown,Cable triceps pushdown,1,10,35.0,0,0,,3,2026-09-14T16:13:49.194669-03:00
35166,2026-09-10,Wednesday,Machine hip thrust,Machine hip thrust,1,8,120.0,0,0,,4,2026-09-14T16:10:57.882355-03:00
35165,2026-09-10,Wednesday,Machine hip thrust,Machine hip thrust,1,8,120.0,0,0,,3,2026-09-14T16:10:57.882355-03:00
35164,2026-09-10,Wednesday,Machine hip thrust,Machine hip thrust,1,8,120.0,0,0,,2,2026-09-14T16:10:57.882355-03:00
35163,2026-09-10,Wednesday,Machine hip thrust,Machine hip thrust,1,8,120.0,0,0,,1,2026-09-14T16:10:57.882355-03:00
35162,2026-09-10,Wednesday,Leg press,Leg press,1,10,200.0,1,0,,3,2026-09-14T16:10:17.457104-03:00
35161,2026-09-10,Wednesday,Leg press,Leg press,1,10,200.0,1,0,,2,2026-09-14T16:10:17.457104-03:00
35160,2026-09-10,Wednesday,Leg press,Leg press,1,10,200.0,1,0,,1,2026-09-14T16:10:17.457104-03:00
35159,2026-09-10,Wednesday,Seated or lying leg curl,Seated or lying leg curl,1,10,87.5,1,0,,1,2026-09-14T16:09:59.646677-03:00
35158,2026-09-10,Wednesday,Seated or lying leg curl,Seated or lying leg curl,1,9,87.5,1,0,,2,2026-09-14T16:09:59.646677-03:00
35157,2026-09-10,Wednesday,Seated or lying leg curl,Seated or lying leg curl,1,9,87.5,1,0,,3,2026-09-14T16:09:59.646677-03:00
35156,2026-09-10,Wednesday,Seated or lying leg curl,Seated or lying leg curl,1,9,87.5,1,0,,4,2026-09-14T16:09:59.646677-03:00
35155,2026-09-10,Wednesday,Supported split squat or low step-up,Supported split squat or low step-up,1,8,22.0,2,0,,1,2026-09-14T16:10:35.063320-03:00
35154,2026-09-10,Wednesday,Supported split squat or low step-up,Supported split squat or low step-up,1,8,22.0,2,0,,2,2026-09-14T16:10:35.063320-03:00
35153,2026-09-10,Wednesday,Supported split squat or low step-up,Supported split squat or low step-up,1,8,22.0,2,0,,3,2026-09-14T16:10:35.063320-03:00
35187,2026-09-08,Tuesday,Hammer curl,Hammer curl,1,10,10.0,0,0,,3,2026-09-09T15:39:13.073104-03:00
35186,2026-09-08,Tuesday,Hammer curl,Hammer curl,1,10,10.0,0,0,,2,2026-09-09T15:39:13.073104-03:00
35185,2026-09-08,Tuesday,Hammer curl,Hammer curl,1,10,10.0,0,0,,1,2026-09-09T15:39:13.073104-03:00
35184,2026-09-08,Tuesday,Reverse pec deck,Reverse pec deck,1,12,0.0,0,0,,4,2026-09-09T15:38:32.452622-03:00
35183,2026-09-08,Tuesday,Reverse pec deck,Reverse pec deck,1,12,35.0,0,0,,3,2026-09-09T15:38:32.452622-03:00
35182,2026-09-08,Tuesday,Reverse pec deck,Reverse pec deck,1,15,35.0,0,0,,2,2026-09-09T15:38:32.452622-03:00
35181,2026-09-08,Tuesday,Reverse pec deck,Reverse pec deck,1,20,35.0,0,0,,1,2026-09-09T15:38:32.452622-03:00
35180,2026-09-08,Tuesday,Chest-supported machine row,Chest-supported machine row,1,12,65.0,0,0,,4,2026-09-09T15:37:58.106632-03:00
35179,2026-09-08,Tuesday,Chest-supported machine row,Chest-supported machine row,1,8,65.0,0,0,,3,2026-09-09T15:37:58.106632-03:00
35178,2026-09-08,Tuesday,Chest-supported machine row,Chest-supported machine row,1,8,65.0,0,0,,2,2026-09-09T15:37:58.106632-03:00
35177,2026-09-08,Tuesday,Chest-supported machine row,Chest-supported machine row,1,8,65.0,0,0,,1,2026-09-09T15:37:58.106632-03:00
35176,2026-09-08,Tuesday,Neutral-grip lat pulldown,Neutral-grip lat pulldown,1,8,68.0,0,0,,1,2026-09-09T15:37:40.873222-03:00
35175,2026-09-08,Tuesday,Neutral-grip lat pulldown,Neutral-grip lat pulldown,1,8,68.0,0,0,,2,2026-09-09T15:37:40.873222-03:00
35174,2026-09-08,Tuesday,Neutral-grip lat pulldown,Neutral-grip lat pulldown,1,8,68.0,0,0,,3,2026-09-09T15:37:40.873222-03:00
35173,2026-09-08,Tuesday,Neutral-grip lat pulldown,Neutral-grip lat pulldown,1,7,68.0,0,0,,4,2026-09-09T15:37:40.873222-03:00
35172,2026-09-08,Tuesday,One-arm cable row,One-arm cable row,1,12,30.0,0,0,,1,2026-09-09T15:38:16.581748-03:00
35171,2026-09-08,Tuesday,One-arm cable row,One-arm cable row,1,12,30.0,0,0,,2,2026-09-09T15:38:16.581748-03:00
35170,2026-09-08,Tuesday,One-arm cable row,One-arm cable row,1,12,30.0,0,0,,3,2026-09-09T15:38:16.581748-03:00
35169,2026-09-08,Tuesday,Cable or machine curl,Cable or machine curl,1,10,46.0,0,0,,1,2026-09-09T15:39:00.333635-03:00
35168,2026-09-08,Tuesday,Cable or machine curl,Cable or machine curl,1,10,46.0,0,0,,2,2026-09-09T15:39:00.333635-03:00
35167,2026-09-08,Tuesday,Cable or machine curl,Cable or machine curl,1,9,46.0,0,0,,3,2026-09-09T15:39:00.333635-03:00
35207,2026-09-07,Monday,Overhead cable triceps extension,Overhead cable triceps extension,1,10,17.5,0,0,,3,2026-09-09T15:36:59.029609-03:00
35206,2026-09-07,Monday,Overhead cable triceps extension,Overhead cable triceps extension,1,10,17.5,0,0,,2,2026-09-09T15:36:59.029609-03:00
35205,2026-09-07,Monday,Overhead cable triceps extension,Overhead cable triceps extension,1,10,15.0,0,0,,1,2026-09-09T15:36:59.029609-03:00
35204,2026-09-07,Monday,Cable or machine lateral raise,Cable or machine lateral raise,1,12,6.0,0,0,,4,2026-09-09T15:35:49.582709-03:00
35203,2026-09-07,Monday,Cable or machine lateral raise,Cable or machine lateral raise,1,12,6.0,0,0,,3,2026-09-09T15:35:49.582709-03:00
35202,2026-09-07,Monday,Cable or machine lateral raise,Cable or machine lateral raise,1,12,6.0,0,0,,2,2026-09-09T15:35:49.582709-03:00
35201,2026-09-07,Monday,Cable or machine lateral raise,Cable or machine lateral raise,1,20,6.0,0,0,,1,2026-09-09T15:35:49.582709-03:00
35200,2026-09-07,Monday,Incline machine chest press,Incline machine chest press,1,6,65.0,0,0,,4,2026-09-09T15:34:35.340960-03:00
35199,2026-09-07,Monday,Incline machine chest press,Incline machine chest press,1,8,65.0,0,0,,3,2026-09-09T15:34:35.340960-03:00
35198,2026-09-07,Monday,Incline machine chest press,Incline machine chest press,1,8,65.0,0,0,,2,2026-09-09T15:34:35.340960-03:00
35197,2026-09-07,Monday,Incline machine chest press,Incline machine chest press,1,8,65.0,0,0,,1,2026-09-09T15:34:35.340960-03:00
35196,2026-09-07,Monday,Pec deck,Pec deck,1,10,65.0,0,0,,1,2026-09-09T15:34:49.850838-03:00
35195,2026-09-07,Monday,Pec deck,Pec deck,1,10,65.0,0,0,,2,2026-09-09T15:34:49.850838-03:00
35194,2026-09-07,Monday,Pec deck,Pec deck,1,10,65.0,0,0,,3,2026-09-09T15:34:49.850838-03:00
35193,2026-09-07,Monday,Machine shoulder press,Machine shoulder press,1,9,32.5,0,0,,1,2026-09-09T15:35:15.598244-03:00
35192,2026-09-07,Monday,Machine shoulder press,Machine shoulder press,1,8,35.0,0,0,,2,2026-09-09T15:35:15.598244-03:00
35191,2026-09-07,Monday,Machine shoulder press,Machine shoulder press,1,8,35.0,0,0,,3,2026-09-09T15:35:15.598244-03:00
35190,2026-09-07,Monday,Cable triceps pushdown,Cable triceps pushdown,1,12,30.0,0,0,,1,2026-09-09T15:36:25.615282-03:00
35189,2026-09-07,Monday,Cable triceps pushdown,Cable triceps pushdown,1,10,30.0,0,0,,2,2026-09-09T15:36:25.615282-03:00
35188,2026-09-07,Monday,Cable triceps pushdown,Cable triceps pushdown,1,10,32.5,0,0,,3,2026-09-09T15:36:25.615282-03:00
35219,2026-09-06,Saturday,Leg extension,Leg extension,1,10,80.0,0,0,,3,2026-09-09T15:33:16.444154-03:00
35218,2026-09-06,Saturday,Leg extension,Leg extension,1,10,80.0,0,0,,2,2026-09-09T15:33:16.444154-03:00
35217,2026-09-06,Saturday,Leg extension,Leg extension,1,10,80.0,0,0,,1,2026-09-09T15:33:16.444154-03:00
35216,2026-09-06,Saturday,Leg press,Leg press,1,10,200.0,0,0,,3,2026-09-09T15:32:30.836860-03:00
35215,2026-09-06,Saturday,Leg press,Leg press,1,10,200.0,0,0,,2,2026-09-09T15:32:30.836860-03:00
35214,2026-09-06,Saturday,Leg press,Leg press,1,10,200.0,0,0,,1,2026-09-09T15:32:30.836860-03:00
35213,2026-09-06,Saturday,Seated leg curl,Seated leg curl,1,10,80.0,0,0,,1,2026-09-09T15:32:57.006423-03:00
35212,2026-09-06,Saturday,Seated leg curl,Seated leg curl,1,10,80.0,0,0,,2,2026-09-09T15:32:57.006423-03:00
35211,2026-09-06,Saturday,Seated leg curl,Seated leg curl,1,10,80.0,0,0,,3,2026-09-09T15:32:57.006423-03:00
35210,2026-09-06,Saturday,Machine hip thrust,Machine hip thrust,1,10,120.0,0,0,,1,2026-09-09T15:33:32.609702-03:00
35209,2026-09-06,Saturday,Machine hip thrust,Machine hip thrust,1,10,120.0,0,0,,2,2026-09-09T15:33:32.609702-03:00
35208,2026-09-06,Saturday,Machine hip thrust,Machine hip thrust,1,10,120.0,0,0,,3,2026-09-09T15:33:32.609702-03:00
35241,2026-09-05,Friday,Cable triceps pushdown,Cable triceps pushdown,1,10,31.5,0,0,,3,2026-09-09T15:29:02.005477-03:00
35240,2026-09-05,Friday,Cable triceps pushdown,Cable triceps pushdown,1,10,31.5,0,0,,2,2026-09-09T15:29:02.005477-03:00
35239,2026-09-05,Friday,Cable triceps pushdown,Cable triceps pushdown,1,10,31.5,0,0,,1,2026-09-09T15:29:02.005477-03:00
35238,2026-09-05,Friday,Machine shoulder press,Machine shoulder press,1,8,70.0,0,0,,2,2026-09-09T15:25:35.758062-03:00
35237,2026-09-05,Friday,Machine shoulder press,Machine shoulder press,1,8,65.0,0,0,,1,2026-09-09T15:25:35.758062-03:00
35236,2026-09-05,Friday,Machine chest press,Machine chest press,1,8,65.0,0,0,,4,2026-09-09T15:24:53.251225-03:00
35235,2026-09-05,Friday,Machine chest press,Machine chest press,1,8,65.0,0,0,,3,2026-09-09T15:24:53.251225-03:00
35234,2026-09-05,Friday,Machine chest press,Machine chest press,1,8,65.0,0,0,,2,2026-09-09T15:24:53.251225-03:00
35233,2026-09-05,Friday,Machine chest press,Machine chest press,1,8,65.0,0,0,,1,2026-09-09T15:24:53.251225-03:00
35232,2026-09-05,Friday,Neutral-grip lat pulldown,Neutral-grip lat pulldown,1,8,68.0,0,0,,1,2026-09-09T15:25:15.654715-03:00
35231,2026-09-05,Friday,Neutral-grip lat pulldown,Neutral-grip lat pulldown,1,8,68.0,0,0,,2,2026-09-09T15:25:15.654715-03:00
35230,2026-09-05,Friday,Neutral-grip lat pulldown,Neutral-grip lat pulldown,1,8,68.0,0,0,,3,2026-09-09T15:25:15.654715-03:00
35229,2026-09-05,Friday,Neutral-grip lat pulldown,Neutral-grip lat pulldown,1,8,68.0,0,0,,4,2026-09-09T15:25:15.654715-03:00
35228,2026-09-05,Friday,Machine shoulder press,Machine shoulder press,1,10,32.5,0,0,,1,2026-09-09T15:26:35.323136-03:00
35227,2026-09-05,Friday,Machine shoulder press,Machine shoulder press,1,10,32.5,0,0,,2,2026-09-09T15:26:35.323136-03:00
35226,2026-09-05,Friday,Machine shoulder press,Machine shoulder press,1,8,32.5,0,0,,3,2026-09-09T15:26:35.323136-03:00
35225,2026-09-05,Friday,Chest-supported row,Chest-supported row,1,8,65.0,0,0,,1,2026-09-09T15:28:41.415303-03:00
35224,2026-09-05,Friday,Chest-supported row,Chest-supported row,1,8,70.0,0,0,,2,2026-09-09T15:28:41.415303-03:00
35223,2026-09-05,Friday,Chest-supported row,Chest-supported row,1,8,70.0,0,0,,3,2026-09-09T15:28:41.415303-03:00
35222,2026-09-05,Friday,Machine or cable curl,Machine or cable curl,1,10,46.0,0,0,,1,2026-09-09T15:29:54.941372-03:00
35221,2026-09-05,Friday,Machine or cable curl,Machine or cable curl,1,10,46.0,0,0,,2,2026-09-09T15:29:54.941372-03:00
35220,2026-09-05,Friday,Machine or cable curl,Machine or cable curl,1,7,53.0,0,0,,3,2026-09-09T15:29:54.941372-03:00
35255,2026-09-03,Wednesday,Supported split squat or low step-up,Supported split squat or low step-up,1,10,20.0,1,0,,3,2026-09-03T21:38:40.682544-03:00
35254,2026-09-03,Wednesday,Supported split squat or low step-up,Supported split squat or low step-up,1,10,20.0,1,0,,2,2026-09-03T21:38:40.682544-03:00
35253,2026-09-03,Wednesday,Supported split squat or low step-up,Supported split squat or low step-up,1,8,20.0,1,0,,1,2026-09-03T21:38:40.682544-03:00
35252,2026-09-03,Wednesday,Leg press,Leg press,1,10,200.0,1,0,,3,2026-09-03T21:37:30.587774-03:00
35251,2026-09-03,Wednesday,Leg press,Leg press,1,10,200.0,1,0,,2,2026-09-03T21:37:30.587774-03:00
35250,2026-09-03,Wednesday,Leg press,Leg press,1,10,200.0,1,0,,1,2026-09-03T21:37:30.587774-03:00
35249,2026-09-03,Wednesday,Seated or lying leg curl,Seated or lying leg curl,1,10,87.5,0,0,,1,2026-09-03T21:38:11.819776-03:00
35248,2026-09-03,Wednesday,Seated or lying leg curl,Seated or lying leg curl,1,11,87.5,0,0,,2,2026-09-03T21:38:11.819776-03:00
35247,2026-09-03,Wednesday,Seated or lying leg curl,Seated or lying leg curl,1,10,87.5,0,0,,3,2026-09-03T21:38:11.819776-03:00
35246,2026-09-03,Wednesday,Seated or lying leg curl,Seated or lying leg curl,1,8,87.5,0,0,,4,2026-09-03T21:38:11.819776-03:00
35245,2026-09-03,Wednesday,Machine hip thrust,Machine hip thrust,1,8,120.0,1,0,,1,2026-09-03T21:39:04.000780-03:00
35244,2026-09-03,Wednesday,Machine hip thrust,Machine hip thrust,1,8,120.0,1,0,,2,2026-09-03T21:39:04.000780-03:00
35243,2026-09-03,Wednesday,Machine hip thrust,Machine hip thrust,1,9,120.0,1,0,,3,2026-09-03T21:39:04.000780-03:00
35242,2026-09-03,Wednesday,Machine hip thrust,Machine hip thrust,1,8,120.0,1,0,,4,2026-09-03T21:39:04.000780-03:00
35273,2026-09-01,Tuesday,Cable or machine curl,Cable or machine curl,1,10,46.0,0,0,,3,2026-09-03T21:36:21.760162-03:00
35272,2026-09-01,Tuesday,Cable or machine curl,Cable or machine curl,1,10,46.0,0,0,,2,2026-09-03T21:36:21.760162-03:00
35271,2026-09-01,Tuesday,Cable or machine curl,Cable or machine curl,1,10,46.0,0,0,,1,2026-09-03T21:36:21.760162-03:00
35270,2026-09-01,Tuesday,Chest-supported machine row,Chest-supported machine row,1,11,0.0,0,0,,4,2026-09-03T21:35:03.786046-03:00
35269,2026-09-01,Tuesday,Chest-supported machine row,Chest-supported machine row,1,8,0.0,0,0,,3,2026-09-03T21:35:03.786046-03:00
35268,2026-09-01,Tuesday,Chest-supported machine row,Chest-supported machine row,1,8,0.0,0,0,,2,2026-09-03T21:35:03.786046-03:00
35267,2026-09-01,Tuesday,Chest-supported machine row,Chest-supported machine row,1,8,65.0,0,0,,1,2026-09-03T21:35:03.786046-03:00
35266,2026-09-01,Tuesday,Neutral-grip lat pulldown,Neutral-grip lat pulldown,1,11,66.0,0,0,,1,2026-09-03T21:34:45.213763-03:00
35265,2026-09-01,Tuesday,Neutral-grip lat pulldown,Neutral-grip lat pulldown,1,9,66.0,0,0,,2,2026-09-03T21:34:45.213763-03:00
35264,2026-09-01,Tuesday,Neutral-grip lat pulldown,Neutral-grip lat pulldown,1,8,66.0,0,0,,3,2026-09-03T21:34:45.213763-03:00
35263,2026-09-01,Tuesday,Neutral-grip lat pulldown,Neutral-grip lat pulldown,1,8,66.0,0,0,,4,2026-09-03T21:34:45.213763-03:00
35262,2026-09-01,Tuesday,Reverse pec deck,Reverse pec deck,1,20,35.0,0,0,,1,2026-09-03T21:36:00.955774-03:00
35261,2026-09-01,Tuesday,Reverse pec deck,Reverse pec deck,1,15,35.0,0,0,,2,2026-09-03T21:36:00.955774-03:00
35260,2026-09-01,Tuesday,Reverse pec deck,Reverse pec deck,1,12,35.0,0,0,,3,2026-09-03T21:36:00.955774-03:00
35259,2026-09-01,Tuesday,Reverse pec deck,Reverse pec deck,1,12,37.5,0,0,,4,2026-09-03T21:36:00.955774-03:00
35258,2026-09-01,Tuesday,Hammer curl,Hammer curl,1,11,10.0,0,0,,1,2026-09-03T21:36:39.402777-03:00
35257,2026-09-01,Tuesday,Hammer curl,Hammer curl,1,10,10.0,0,0,,2,2026-09-03T21:36:39.402777-03:00
35256,2026-09-01,Tuesday,Hammer curl,Hammer curl,1,10,10.0,0,0,,3,2026-09-03T21:36:39.402777-03:00
35293,2026-08-31,Monday,Overhead cable triceps extension,Overhead cable triceps extension,1,11,12.5,0,0,,3,2026-09-03T21:25:38.129174-03:00
35292,2026-08-31,Monday,Overhead cable triceps extension,Overhead cable triceps extension,1,10,12.5,0,0,,2,2026-09-03T21:25:38.129174-03:00
35291,2026-08-31,Monday,Overhead cable triceps extension,Overhead cable triceps extension,1,10,12.5,0,0,,1,2026-09-03T21:25:38.129174-03:00
35290,2026-08-31,Monday,Cable or machine lateral raise,Dumbbell lateral raise,1,8,8.0,0,0,,4,2026-09-03T20:35:25.277065-03:00
35289,2026-08-31,Monday,Cable or machine lateral raise,Dumbbell lateral raise,1,11,8.0,0,0,,3,2026-09-03T20:35:25.277065-03:00
35288,2026-08-31,Monday,Cable or machine lateral raise,Dumbbell lateral raise,1,12,8.0,0,0,,2,2026-09-03T20:35:25.277065-03:00
35287,2026-08-31,Monday,Cable or machine lateral raise,Dumbbell lateral raise,1,12,7.0,0,0,,1,2026-09-03T20:35:25.277065-03:00
35286,2026-08-31,Monday,Pec deck,Pec deck,1,10,65.0,0,0,,3,2026-09-03T20:34:20.103889-03:00
35285,2026-08-31,Monday,Pec deck,Pec deck,1,10,65.0,0,0,,2,2026-09-03T20:34:20.103889-03:00
35284,2026-08-31,Monday,Pec deck,Pec deck,1,15,57.5,0,0,,1,2026-09-03T20:34:20.103889-03:00
35283,2026-08-31,Monday,Incline machine chest press,Incline machine chest press,1,8,60.0,0,0,,1,2026-09-03T20:33:51.815674-03:00
35282,2026-08-31,Monday,Incline machine chest press,Incline machine chest press,1,8,60.0,0,0,,2,2026-09-03T20:33:51.815674-03:00
35281,2026-08-31,Monday,Incline machine chest press,Incline machine chest press,1,8,60.0,0,0,,3,2026-09-03T20:33:51.815674-03:00
35280,2026-08-31,Monday,Incline machine chest press,Incline machine chest press,1,8,60.0,0,0,,4,2026-09-03T20:33:51.815674-03:00
35279,2026-08-31,Monday,Machine shoulder press,Machine shoulder press,1,8,30.0,0,0,,1,2026-09-03T20:34:39.614327-03:00
35278,2026-08-31,Monday,Machine shoulder press,Machine shoulder press,1,9,0.0,0,0,,2,2026-09-03T20:34:39.614327-03:00
35277,2026-08-31,Monday,Machine shoulder press,Machine shoulder press,1,8,0.0,0,0,,3,2026-09-03T20:34:39.614327-03:00
35276,2026-08-31,Monday,Cable triceps pushdown,Cable triceps pushdown,1,10,27.5,0,0,,1,2026-09-03T20:36:00.106052-03:00
35275,2026-08-31,Monday,Cable triceps pushdown,Cable triceps pushdown,1,11,27.5,0,0,,2,2026-09-03T20:36:00.106052-03:00
35274,2026-08-31,Monday,Cable triceps pushdown,Cable triceps pushdown,1,10,27.5,0,0,,3,2026-09-03T20:36:00.106052-03:00
35305,2026-08-29,Saturday,Machine hip thrust,Machine hip thrust,1,10,120.0,1,0,,3,2026-08-31T11:15:46.867911-03:00
35304,2026-08-29,Saturday,Machine hip thrust,Machine hip thrust,1,10,120.0,1,0,,2,2026-08-31T11:15:46.867911-03:00
35303,2026-08-29,Saturday,Machine hip thrust,Machine hip thrust,1,10,120.0,1,0,,1,2026-08-31T11:15:46.867911-03:00
35302,2026-08-29,Saturday,Seated leg curl,Seated leg curl,1,12,80.0,0,0,,3,2026-08-31T11:15:03.101556-03:00
35301,2026-08-29,Saturday,Seated leg curl,Seated leg curl,1,12,80.0,0,0,,2,2026-08-31T11:15:03.101556-03:00
35300,2026-08-29,Saturday,Seated leg curl,Seated leg curl,1,12,80.0,0,0,,1,2026-08-31T11:15:03.101556-03:00
35299,2026-08-29,Saturday,Leg press,Leg press,1,10,200.0,0,0,,1,2026-08-31T11:14:38.663214-03:00
35298,2026-08-29,Saturday,Leg press,Leg press,1,10,200.0,0,0,,2,2026-08-31T11:14:38.663214-03:00
35297,2026-08-29,Saturday,Leg press,Leg press,1,10,200.0,0,0,,3,2026-08-31T11:14:38.663214-03:00
35296,2026-08-29,Saturday,Leg extension,Leg extension,1,12,72.5,0,0,,1,2026-08-31T11:15:23.983345-03:00
35295,2026-08-29,Saturday,Leg extension,Leg extension,1,12,72.5,0,0,,2,2026-08-31T11:15:23.983345-03:00
35294,2026-08-29,Saturday,Leg extension,Leg extension,1,12,72.5,0,0,,3,2026-08-31T11:15:23.983345-03:00
35325,2026-08-28,Friday,Machine or cable curl,Machine or cable curl,1,10,46.0,0,0,,3,2026-08-31T11:13:39.224797-03:00
35324,2026-08-28,Friday,Machine or cable curl,Machine or cable curl,1,10,46.0,0,0,,2,2026-08-31T11:13:39.224797-03:00
35323,2026-08-28,Friday,Machine or cable curl,Machine or cable curl,1,10,46.0,0,0,,1,2026-08-31T11:13:39.224797-03:00
35322,2026-08-28,Friday,Machine shoulder press,Machine shoulder press,1,8,30.0,1,0,,3,2026-08-31T11:12:41.600353-03:00
35321,2026-08-28,Friday,Machine shoulder press,Machine shoulder press,1,8,30.0,1,0,,2,2026-08-31T11:12:41.600353-03:00
35320,2026-08-28,Friday,Machine shoulder press,Machine shoulder press,1,12,27.5,1,0,,1,2026-08-31T11:12:41.600353-03:00
35319,2026-08-28,Friday,Neutral-grip lat pulldown,Neutral-grip lat pulldown,1,8,63.5,0,0,,4,2026-08-31T11:11:22.038720-03:00
35318,2026-08-28,Friday,Neutral-grip lat pulldown,Neutral-grip lat pulldown,1,8,63.5,0,0,,3,2026-08-31T11:11:22.038720-03:00
35317,2026-08-28,Friday,Neutral-grip lat pulldown,Neutral-grip lat pulldown,1,8,61.0,0,0,,2,2026-08-31T11:11:22.038720-03:00
35316,2026-08-28,Friday,Neutral-grip lat pulldown,Neutral-grip lat pulldown,1,8,61.0,0,0,,1,2026-08-31T11:11:22.038720-03:00
35315,2026-08-28,Friday,Machine chest press,Machine chest press,1,8,55.0,0,0,,1,2026-08-31T11:10:30.491647-03:00
35314,2026-08-28,Friday,Machine chest press,Machine chest press,1,8,55.0,0,0,,2,2026-08-31T11:10:30.491647-03:00
35313,2026-08-28,Friday,Machine chest press,Machine chest press,1,8,60.0,0,0,,3,2026-08-31T11:10:30.491647-03:00
35312,2026-08-28,Friday,Machine chest press,Machine chest press,1,9,60.0,0,0,,4,2026-08-31T11:10:30.491647-03:00
35311,2026-08-28,Friday,Chest-supported row,Chest-supported row,1,10,65.0,0,0,,1,2026-08-31T11:12:05.906954-03:00
35310,2026-08-28,Friday,Chest-supported row,Chest-supported row,1,8,65.0,0,0,,2,2026-08-31T11:12:05.906954-03:00
35309,2026-08-28,Friday,Chest-supported row,Chest-supported row,1,9,65.0,0,0,,3,2026-08-31T11:12:05.906954-03:00
35308,2026-08-28,Friday,Cable triceps pushdown,Cable triceps pushdown,1,10,27.5,0,0,,1,2026-08-31T11:13:16.989095-03:00
35307,2026-08-28,Friday,Cable triceps pushdown,Cable triceps pushdown,1,9,30.0,0,0,,2,2026-08-31T11:13:16.989095-03:00
35306,2026-08-28,Friday,Cable triceps pushdown,Cable triceps pushdown,1,10,30.0,0,0,,3,2026-08-31T11:13:16.989095-03:00
35339,2026-08-26,Wednesday,Machine hip thrust,Machine hip thrust,1,8,110.0,1,0,,4,2026-08-27T07:07:27.359659-03:00
35338,2026-08-26,Wednesday,Machine hip thrust,Machine hip thrust,1,8,110.0,1,0,,3,2026-08-27T07:07:27.359659-03:00
35337,2026-08-26,Wednesday,Machine hip thrust,Machine hip thrust,1,8,110.0,1,0,,2,2026-08-27T07:07:27.359659-03:00
35336,2026-08-26,Wednesday,Machine hip thrust,Machine hip thrust,1,8,110.0,1,0,,1,2026-08-27T07:07:27.359659-03:00
35335,2026-08-26,Wednesday,Leg press,Leg press,1,9,200.0,1,0,,3,2026-08-27T07:06:31.075409-03:00
35334,2026-08-26,Wednesday,Leg press,Leg press,1,10,200.0,1,0,,2,2026-08-27T07:06:31.075409-03:00
35333,2026-08-26,Wednesday,Leg press,Leg press,1,10,200.0,1,0,,1,2026-08-27T07:06:31.075409-03:00
35332,2026-08-26,Wednesday,Seated or lying leg curl,Seated or lying leg curl,1,12,80.0,0,0,,1,2026-08-27T07:06:03.451256-03:00
35331,2026-08-26,Wednesday,Seated or lying leg curl,Seated or lying leg curl,1,12,80.0,0,0,,2,2026-08-27T07:06:03.451256-03:00
35330,2026-08-26,Wednesday,Seated or lying leg curl,Seated or lying leg curl,1,10,80.0,0,0,,3,2026-08-27T07:06:03.451256-03:00
35329,2026-08-26,Wednesday,Seated or lying leg curl,Seated or lying leg curl,1,8,80.0,0,0,,4,2026-08-27T07:06:03.451256-03:00
35328,2026-08-26,Wednesday,Supported split squat or low step-up,Supported split squat or low step-up,1,8,20.0,1,0,,1,2026-08-27T07:06:55.364930-03:00
35327,2026-08-26,Wednesday,Supported split squat or low step-up,Supported split squat or low step-up,1,8,20.0,1,0,,2,2026-08-27T07:06:55.364930-03:00
35326,2026-08-26,Wednesday,Supported split squat or low step-up,Supported split squat or low step-up,1,8,20.0,1,0,,3,2026-08-27T07:06:55.364930-03:00
35360,2026-08-25,Tuesday,Hammer curl,Hammer curl,1,10,10.0,0,0,,3,2026-08-25T16:29:36.363780-03:00
35359,2026-08-25,Tuesday,Hammer curl,Hammer curl,1,10,10.0,0,0,,2,2026-08-25T16:29:36.363780-03:00
35358,2026-08-25,Tuesday,Hammer curl,Hammer curl,1,15,9.0,0,0,,1,2026-08-25T16:29:36.363780-03:00
35357,2026-08-25,Tuesday,Reverse pec deck,Reverse pec deck,1,12,35.0,0,0,,4,2026-08-25T16:28:48.511019-03:00
35356,2026-08-25,Tuesday,Reverse pec deck,Reverse pec deck,1,12,35.0,0,0,,3,2026-08-25T16:28:48.511019-03:00
35355,2026-08-25,Tuesday,Reverse pec deck,Reverse pec deck,1,16,35.0,0,0,,2,2026-08-25T16:28:48.511019-03:00
35354,2026-08-25,Tuesday,Reverse pec deck,Reverse pec deck,1,20,35.0,0,0,,1,2026-08-25T16:28:48.511019-03:00
35353,2026-08-25,Tuesday,Chest-supported machine row,Chest-supported machine row,1,10,60.0,0,0,,4,2026-08-25T16:25:53.635007-03:00
35352,2026-08-25,Tuesday,Chest-supported machine row,Chest-supported machine row,1,10,60.0,0,0,,3,2026-08-25T16:25:53.635007-03:00
35351,2026-08-25,Tuesday,Chest-supported machine row,Chest-supported machine row,1,9,60.0,0,0,,2,2026-08-25T16:25:53.635007-03:00
35350,2026-08-25,Tuesday,Chest-supported machine row,Chest-supported machine row,1,10,60.0,0,0,,1,2026-08-25T16:25:53.635007-03:00
35349,2026-08-25,Tuesday,Neutral-grip lat pulldown,Neutral-grip lat pulldown,1,8,60.0,0,0,,1,2026-08-25T16:25:27.992993-03:00
35348,2026-08-25,Tuesday,Neutral-grip lat pulldown,Neutral-grip lat pulldown,1,8,60.0,0,0,,2,2026-08-25T16:25:27.992993-03:00
35347,2026-08-25,Tuesday,Neutral-grip lat pulldown,Neutral-grip lat pulldown,1,8,60.0,0,0,,3,2026-08-25T16:25:27.992993-03:00
35346,2026-08-25,Tuesday,Neutral-grip lat pulldown,Neutral-grip lat pulldown,1,8,60.0,0,0,,4,2026-08-25T16:25:27.992993-03:00
35345,2026-08-25,Tuesday,One-arm cable row,One-arm cable row,1,13,20.0,2,0,,1,2026-08-25T16:27:53.264503-03:00
35344,2026-08-25,Tuesday,One-arm cable row,One-arm cable row,1,13,20.0,2,0,,2,2026-08-25T16:27:53.264503-03:00
35343,2026-08-25,Tuesday,One-arm cable row,One-arm cable row,1,10,20.0,2,0,,3,2026-08-25T16:27:53.264503-03:00
35342,2026-08-25,Tuesday,Cable or machine curl,Cable or machine curl,1,12,39.0,0,0,,1,2026-08-25T16:29:16.735193-03:00
35341,2026-08-25,Tuesday,Cable or machine curl,Cable or machine curl,1,8,46.0,0,0,,2,2026-08-25T16:29:16.735193-03:00
35340,2026-08-25,Tuesday,Cable or machine curl,Cable or machine curl,1,8,46.0,0,0,,3,2026-08-25T16:29:16.735193-03:00
35380,2026-08-24,Monday,Overhead cable triceps extension,Overhead cable triceps extension,1,10,13.75,1,0,,3,2026-08-24T16:59:42.836698-03:00
35379,2026-08-24,Monday,Overhead cable triceps extension,Overhead cable triceps extension,1,10,13.75,1,0,,2,2026-08-24T16:59:42.836698-03:00
35378,2026-08-24,Monday,Overhead cable triceps extension,Overhead cable triceps extension,1,10,13.75,1,0,,1,2026-08-24T16:59:42.836698-03:00
35377,2026-08-24,Monday,Cable or machine lateral raise,Cable or machine lateral raise,1,12,3.75,0,0,,4,2026-08-24T16:56:15.346062-03:00
35376,2026-08-24,Monday,Cable or machine lateral raise,Cable or machine lateral raise,1,12,6.25,0,0,,3,2026-08-24T16:56:15.346062-03:00
35375,2026-08-24,Monday,Cable or machine lateral raise,Cable or machine lateral raise,1,12,6.25,0,0,,2,2026-08-24T16:56:15.346062-03:00
35374,2026-08-24,Monday,Cable or machine lateral raise,Cable or machine lateral raise,1,12,6.25,0,0,,1,2026-08-24T16:56:15.346062-03:00
35373,2026-08-24,Monday,Pec deck,Pec deck,1,10,65.0,0,0,,3,2026-08-24T16:55:19.034909-03:00
35372,2026-08-24,Monday,Pec deck,Pec deck,1,10,65.0,0,0,,2,2026-08-24T16:55:19.034909-03:00
35371,2026-08-24,Monday,Pec deck,Pec deck,1,13,57.5,0,0,,1,2026-08-24T16:55:19.034909-03:00
35370,2026-08-24,Monday,Incline machine chest press,Incline machine chest press,1,12,50.0,0,0,,1,2026-08-24T16:54:56.765350-03:00
35369,2026-08-24,Monday,Incline machine chest press,Incline machine chest press,1,11,50.0,0,0,,2,2026-08-24T16:54:56.765350-03:00
35368,2026-08-24,Monday,Incline machine chest press,Incline machine chest press,1,8,55.0,0,0,,3,2026-08-24T16:54:56.765350-03:00
35367,2026-08-24,Monday,Incline machine chest press,Incline machine chest press,1,8,55.0,0,0,,4,2026-08-24T16:54:56.765350-03:00
35366,2026-08-24,Monday,Machine shoulder press,Machine shoulder press,1,10,30.0,0,0,,1,2026-08-24T16:55:37.680944-03:00
35365,2026-08-24,Monday,Machine shoulder press,Machine shoulder press,1,9,30.0,0,0,,2,2026-08-24T16:55:37.680944-03:00
35364,2026-08-24,Monday,Machine shoulder press,Machine shoulder press,1,8,30.0,0,0,,3,2026-08-24T16:55:37.680944-03:00
35363,2026-08-24,Monday,Cable triceps pushdown,Cable triceps pushdown,1,12,28.75,0,0,,1,2026-08-24T16:56:56.272659-03:00
35362,2026-08-24,Monday,Cable triceps pushdown,Cable triceps pushdown,1,10,31.25,0,0,,2,2026-08-24T16:56:56.272659-03:00
35361,2026-08-24,Monday,Cable triceps pushdown,Cable triceps pushdown,1,9,31.25,0,0,,3,2026-08-24T16:58:53.740521-03:00
35395,2026-08-22,Saturday,Pallof press,Pallof press,1,12,10.0,2,0,,3,2026-08-24T12:38:01.502749-03:00
35394,2026-08-22,Saturday,Pallof press,Pallof press,1,15,10.0,2,0,,2,2026-08-24T12:38:01.502749-03:00
35393,2026-08-22,Saturday,Pallof press,Pallof press,1,10,10.0,2,0,,1,2026-08-24T12:38:01.502749-03:00
35392,2026-08-22,Saturday,Leg extension,Leg extension,1,12,72.5,0,0,,3,2026-08-24T12:37:20.261434-03:00
35391,2026-08-22,Saturday,Leg extension,Leg extension,1,12,72.5,0,0,,2,2026-08-24T12:37:20.261434-03:00
35390,2026-08-22,Saturday,Leg extension,Leg extension,1,12,72.5,0,0,,1,2026-08-24T12:37:20.261434-03:00
35389,2026-08-22,Saturday,Leg press,Leg press,1,10,160.0,0,0,,3,2026-08-24T12:36:46.360960-03:00
35388,2026-08-22,Saturday,Leg press,Leg press,1,10,160.0,0,0,,2,2026-08-24T12:36:46.360960-03:00
35387,2026-08-22,Saturday,Leg press,Leg press,1,10,160.0,0,0,,1,2026-08-24T12:36:46.360960-03:00
35386,2026-08-22,Saturday,Seated leg curl,Seated leg curl,1,10,80.0,0,0,,1,2026-08-24T12:37:03.520589-03:00
35385,2026-08-22,Saturday,Seated leg curl,Seated leg curl,1,10,80.0,0,0,,2,2026-08-24T12:37:03.520589-03:00
35384,2026-08-22,Saturday,Seated leg curl,Seated leg curl,1,10,80.0,0,0,,3,2026-08-24T12:37:03.520589-03:00
35383,2026-08-22,Saturday,Machine hip thrust,Machine hip thrust,1,12,80.0,0,0,,1,2026-08-24T12:37:39.012252-03:00
35382,2026-08-22,Saturday,Machine hip thrust,Machine hip thrust,1,12,80.0,0,0,,2,2026-08-24T12:37:39.012252-03:00
35381,2026-08-22,Saturday,Machine hip thrust,Machine hip thrust,1,12,80.0,0,0,,3,2026-08-24T12:37:39.012252-03:00
35415,2026-08-21,Friday,Cable triceps pushdown,Cable triceps pushdown,1,10,31.5,0,0,,3,2026-08-24T12:35:36.686856-03:00
35414,2026-08-21,Friday,Cable triceps pushdown,Cable triceps pushdown,1,11,31.5,0,0,,2,2026-08-24T12:35:36.686856-03:00
35413,2026-08-21,Friday,Cable triceps pushdown,Cable triceps pushdown,1,12,28.5,0,0,,1,2026-08-24T12:35:36.686856-03:00
35412,2026-08-21,Friday,Machine shoulder press,Machine shoulder press,1,8,27.5,0,0,,3,2026-08-24T12:34:34.688248-03:00
35411,2026-08-21,Friday,Machine shoulder press,Machine shoulder press,1,9,27.5,0,0,,2,2026-08-24T12:34:34.688248-03:00
35410,2026-08-21,Friday,Machine shoulder press,Machine shoulder press,1,12,27.5,0,0,,1,2026-08-24T12:34:34.688248-03:00
35409,2026-08-21,Friday,Machine chest press,Machine chest press,1,8,50.0,0,0,,4,2026-08-24T12:33:26.579740-03:00
35408,2026-08-21,Friday,Machine chest press,Machine chest press,1,8,50.0,0,0,,3,2026-08-24T12:33:26.579740-03:00
35407,2026-08-21,Friday,Machine chest press,Machine chest press,1,10,50.0,0,0,,2,2026-08-24T12:33:26.579740-03:00
35406,2026-08-21,Friday,Machine chest press,Machine chest press,1,12,50.0,0,0,,1,2026-08-24T12:33:26.579740-03:00
35405,2026-08-21,Friday,Neutral-grip lat pulldown,Neutral-grip lat pulldown,1,12,59.0,0,0,,1,2026-08-24T12:34:00.273442-03:00
35404,2026-08-21,Friday,Neutral-grip lat pulldown,Neutral-grip lat pulldown,1,9,59.0,0,0,,2,2026-08-24T12:34:00.273442-03:00
35403,2026-08-21,Friday,Neutral-grip lat pulldown,Neutral-grip lat pulldown,1,8,61.0,0,0,,3,2026-08-24T12:34:00.273442-03:00
35402,2026-08-21,Friday,Neutral-grip lat pulldown,Neutral-grip lat pulldown,1,8,61.0,0,0,,4,2026-08-24T12:34:00.273442-03:00
35401,2026-08-21,Friday,Chest-supported row,Chest-supported row,1,12,65.0,2,0,,1,2026-08-24T12:34:57.260928-03:00
35400,2026-08-21,Friday,Chest-supported row,Chest-supported row,1,10,0.0,2,0,,2,2026-08-24T12:34:57.260928-03:00
35399,2026-08-21,Friday,Chest-supported row,Chest-supported row,1,9,0.0,2,0,,3,2026-08-24T12:34:57.260928-03:00
35398,2026-08-21,Friday,Machine or cable curl,Machine or cable curl,1,15,39.0,0,0,,1,2026-08-24T12:36:07.360128-03:00
35397,2026-08-21,Friday,Machine or cable curl,Machine or cable curl,1,11,39.0,0,0,,2,2026-08-24T12:36:07.360128-03:00
35396,2026-08-21,Friday,Machine or cable curl,Machine or cable curl,1,10,46.0,0,0,,3,2026-08-24T12:36:07.360128-03:00
35431,2026-08-19,Wednesday,Machine crunch,Machine crunch,1,10,60.0,2,0,,3,2026-08-20T13:38:05.336538-03:00
35430,2026-08-19,Wednesday,Machine crunch,Machine crunch,1,10,60.0,2,0,,2,2026-08-20T13:38:05.336538-03:00
35429,2026-08-19,Wednesday,Machine crunch,Machine crunch,1,10,60.0,2,0,,1,2026-08-20T13:38:05.336538-03:00
35428,2026-08-19,Wednesday,Machine hip thrust,Machine hip thrust,1,10,40.0,0,0,,3,2026-08-20T13:36:18.852402-03:00
35427,2026-08-19,Wednesday,Machine hip thrust,Machine hip thrust,1,10,40.0,0,0,,2,2026-08-20T13:36:18.852402-03:00
35426,2026-08-19,Wednesday,Machine hip thrust,Machine hip thrust,1,10,40.0,0,0,,1,2026-08-20T13:36:18.852402-03:00
35425,2026-08-19,Wednesday,Leg press,Leg press,1,10,160.0,0,0,,3,2026-08-20T13:34:57.698644-03:00
35424,2026-08-19,Wednesday,Leg press,Leg press,1,10,160.0,0,0,,2,2026-08-20T13:34:57.698644-03:00
35423,2026-08-19,Wednesday,Leg press,Leg press,1,15,160.0,0,0,,1,2026-08-20T13:34:57.698644-03:00
35422,2026-08-19,Wednesday,Seated or lying leg curl,Seated or lying leg curl,1,12,80.0,0,0,,1,2026-08-20T13:34:24.422625-03:00
35421,2026-08-19,Wednesday,Seated or lying leg curl,Seated or lying leg curl,1,10,80.0,0,0,,2,2026-08-20T13:34:24.422625-03:00
35420,2026-08-19,Wednesday,Seated or lying leg curl,Seated or lying leg curl,1,8,80.0,0,0,,3,2026-08-20T13:34:24.422625-03:00
35419,2026-08-19,Wednesday,Seated or lying leg curl,Seated or lying leg curl,1,8,80.0,0,0,,4,2026-08-20T13:34:24.422625-03:00
35418,2026-08-19,Wednesday,Supported split squat or low step-up,Supported split squat or low step-up,1,8,20.0,0,0,,1,2026-08-20T13:35:39.532817-03:00
35417,2026-08-19,Wednesday,Supported split squat or low step-up,Supported split squat or low step-up,1,8,20.0,0,0,,2,2026-08-20T13:35:39.532817-03:00
35416,2026-08-19,Wednesday,Supported split squat or low step-up,Supported split squat or low step-up,1,8,20.0,0,0,,3,2026-08-20T13:35:39.532817-03:00
35452,2026-08-18,Tuesday,Hammer curl,Hammer curl,1,10,9.0,0,0,,3,2026-08-20T13:33:37.615483-03:00
35451,2026-08-18,Tuesday,Hammer curl,Hammer curl,1,14,9.0,0,0,,2,2026-08-20T13:33:37.615483-03:00
35450,2026-08-18,Tuesday,Hammer curl,Hammer curl,1,15,9.0,0,0,,1,2026-08-20T13:33:37.615483-03:00
35449,2026-08-18,Tuesday,Reverse pec deck,Reverse pec deck,1,12,35.0,0,0,,4,2026-08-20T13:32:56.300051-03:00
35448,2026-08-18,Tuesday,Reverse pec deck,Reverse pec deck,1,12,35.0,0,0,,3,2026-08-20T13:32:56.300051-03:00
35447,2026-08-18,Tuesday,Reverse pec deck,Reverse pec deck,1,14,35.0,0,0,,2,2026-08-20T13:32:56.300051-03:00
35446,2026-08-18,Tuesday,Reverse pec deck,Reverse pec deck,1,20,35.0,0,0,,1,2026-08-20T13:32:56.300051-03:00
35445,2026-08-18,Tuesday,Chest-supported machine row,Chest-supported machine row,1,10,57.5,0,0,,4,2026-08-20T13:31:56.252146-03:00
35444,2026-08-18,Tuesday,Chest-supported machine row,Chest-supported machine row,1,9,57.5,0,0,,3,2026-08-20T13:31:56.252146-03:00
35443,2026-08-18,Tuesday,Chest-supported machine row,Chest-supported machine row,1,10,57.5,0,0,,2,2026-08-20T13:31:56.252146-03:00
35442,2026-08-18,Tuesday,Chest-supported machine row,Chest-supported machine row,1,10,57.5,0,0,,1,2026-08-20T13:31:56.252146-03:00
35441,2026-08-18,Tuesday,Neutral-grip lat pulldown,Neutral-grip lat pulldown,1,12,59.0,0,0,,1,2026-08-20T13:31:26.342767-03:00
35440,2026-08-18,Tuesday,Neutral-grip lat pulldown,Neutral-grip lat pulldown,1,12,59.0,0,0,,2,2026-08-20T13:31:26.342767-03:00
35439,2026-08-18,Tuesday,Neutral-grip lat pulldown,Neutral-grip lat pulldown,1,10,59.0,0,0,,3,2026-08-20T13:31:26.342767-03:00
35438,2026-08-18,Tuesday,Neutral-grip lat pulldown,Neutral-grip lat pulldown,1,9,59.0,0,0,,4,2026-08-20T13:31:26.342767-03:00
35437,2026-08-18,Tuesday,One-arm cable row,One-arm cable row,1,10,15.0,0,0,,1,2026-08-20T13:32:27.228789-03:00
35436,2026-08-18,Tuesday,One-arm cable row,One-arm cable row,1,10,20.0,0,0,,2,2026-08-20T13:32:27.228789-03:00
35435,2026-08-18,Tuesday,One-arm cable row,One-arm cable row,1,10,20.0,0,0,,3,2026-08-20T13:32:27.228789-03:00
35434,2026-08-18,Tuesday,Cable or machine curl,Cable or machine curl,1,12,39.0,0,0,,1,2026-08-20T13:33:17.002347-03:00
35433,2026-08-18,Tuesday,Cable or machine curl,Cable or machine curl,1,9,0.0,0,0,,2,2026-08-20T13:33:17.002347-03:00
35432,2026-08-18,Tuesday,Cable or machine curl,Cable or machine curl,1,9,0.0,0,0,,3,2026-08-20T13:33:17.002347-03:00
35472,2026-08-17,Monday,Overhead cable triceps extension,Overhead cable triceps extension,1,10,10.0,0,0,,3,2026-08-18T10:54:15.700949-03:00
35471,2026-08-17,Monday,Overhead cable triceps extension,Overhead cable triceps extension,1,10,10.0,0,0,,2,2026-08-18T10:54:15.700949-03:00
35470,2026-08-17,Monday,Overhead cable triceps extension,Overhead cable triceps extension,1,10,10.0,0,0,,1,2026-08-18T10:54:15.700949-03:00
35469,2026-08-17,Monday,Cable or machine lateral raise,Cable or machine lateral raise,1,12,2.5,0,0,,4,2026-08-18T10:53:13.460578-03:00
35468,2026-08-17,Monday,Cable or machine lateral raise,Cable or machine lateral raise,1,12,2.5,0,0,,3,2026-08-18T10:53:13.460578-03:00
35467,2026-08-17,Monday,Cable or machine lateral raise,Cable or machine lateral raise,1,12,2.5,0,0,,2,2026-08-18T10:53:13.460578-03:00
35466,2026-08-17,Monday,Cable or machine lateral raise,Cable or machine lateral raise,1,12,2.5,0,0,,1,2026-08-18T10:53:13.460578-03:00
35465,2026-08-17,Monday,Machine shoulder press,Machine shoulder press,1,11,20.0,0,0,,3,2026-08-18T10:51:56.842732-03:00
35464,2026-08-17,Monday,Machine shoulder press,Machine shoulder press,1,10,20.0,0,0,,2,2026-08-18T10:51:56.842732-03:00
35463,2026-08-17,Monday,Machine shoulder press,Machine shoulder press,1,10,20.0,0,0,,1,2026-08-18T10:51:56.842732-03:00
35462,2026-08-17,Monday,Incline machine chest press,Incline machine chest press,1,12,50.0,0,0,,1,2026-08-18T10:51:32.794740-03:00
35461,2026-08-17,Monday,Incline machine chest press,Incline machine chest press,1,12,50.0,0,0,,2,2026-08-18T10:51:32.794740-03:00
35460,2026-08-17,Monday,Incline machine chest press,Incline machine chest press,1,8,50.0,0,0,,3,2026-08-18T10:51:32.794740-03:00
35459,2026-08-17,Monday,Incline machine chest press,Incline machine chest press,1,8,50.0,0,0,,4,2026-08-18T10:51:32.794740-03:00
35458,2026-08-17,Monday,Pec deck,Pec deck,1,15,50.0,0,0,,1,2026-08-18T10:52:19.152147-03:00
35457,2026-08-17,Monday,Pec deck,Pec deck,1,10,57.5,0,0,,2,2026-08-18T10:52:19.152147-03:00
35456,2026-08-17,Monday,Pec deck,Pec deck,1,10,57.5,0,0,,3,2026-08-18T10:52:19.152147-03:00
35455,2026-08-17,Monday,Cable triceps pushdown,Cable triceps pushdown,1,12,25.0,0,0,,1,2026-08-18T10:53:37.017900-03:00
35454,2026-08-17,Monday,Cable triceps pushdown,Cable triceps pushdown,1,12,25.0,0,0,,2,2026-08-18T10:53:37.017900-03:00
35453,2026-08-17,Monday,Cable triceps pushdown,Cable triceps pushdown,1,10,25.0,0,0,,3,2026-08-18T10:53:37.017900-03:00
35488,2026-08-11,Wednesday,Seated or lying leg curl,Seated or lying leg curl,1,10,60.0,0,0,,4,2026-08-18T10:33:44.037653-03:00
35487,2026-08-11,Wednesday,Seated or lying leg curl,Seated or lying leg curl,1,10,60.0,0,0,,3,2026-08-18T10:33:44.037653-03:00
35486,2026-08-11,Wednesday,Seated or lying leg curl,Seated or lying leg curl,1,10,60.0,0,0,,2,2026-08-18T10:33:44.037653-03:00
35485,2026-08-11,Wednesday,Seated or lying leg curl,Seated or lying leg curl,1,10,60.0,0,0,,1,2026-08-18T10:33:44.037653-03:00
35484,2026-08-11,Saturday,Pallof press,Pallof press,1,15,12.5,2,0,,3,2026-08-18T10:42:40.697144-03:00
35483,2026-08-11,Saturday,Pallof press,Pallof press,1,15,12.5,2,0,,2,2026-08-18T10:42:40.697144-03:00
35482,2026-08-11,Saturday,Pallof press,Pallof press,1,15,12.5,2,0,,1,2026-08-18T10:42:40.697144-03:00
35481,2026-08-11,Saturday,Seated leg curl,Seated leg curl,1,10,80.0,0,0,,3,2026-08-18T10:41:35.418751-03:00
35480,2026-08-11,Saturday,Seated leg curl,Seated leg curl,1,10,80.0,0,0,,2,2026-08-18T10:41:35.418751-03:00
35479,2026-08-11,Saturday,Seated leg curl,Seated leg curl,1,10,80.0,0,0,,1,2026-08-18T10:41:35.418751-03:00
35478,2026-08-11,Saturday,Leg press,Leg press,1,12,160.0,0,0,,1,2026-08-18T10:41:21.208486-03:00
35477,2026-08-11,Saturday,Leg press,Leg press,1,12,160.0,0,0,,2,2026-08-18T10:41:21.208486-03:00
35476,2026-08-11,Saturday,Leg press,Leg press,1,10,160.0,0,0,,3,2026-08-18T10:41:21.208486-03:00
35475,2026-08-11,Saturday,Leg extension,Leg extension,1,12,72.5,0,0,,1,2026-08-18T10:42:03.199571-03:00
35474,2026-08-11,Saturday,Leg extension,Leg extension,1,12,72.5,0,0,,2,2026-08-18T10:42:03.199571-03:00
35473,2026-08-11,Saturday,Leg extension,Leg extension,1,12,72.5,0,0,,3,2026-08-18T10:42:03.199571-03:00
35508,2026-08-10,Friday,Machine or cable curl,Machine or cable curl,1,10,39.0,0,0,,3,2026-08-18T10:40:34.459842-03:00
35507,2026-08-10,Friday,Machine or cable curl,Machine or cable curl,1,10,39.0,0,0,,2,2026-08-18T10:40:34.459842-03:00
35506,2026-08-10,Friday,Machine or cable curl,Machine or cable curl,1,15,39.0,0,0,,1,2026-08-18T10:40:34.459842-03:00
35505,2026-08-10,Friday,Neutral-grip lat pulldown,Neutral-grip lat pulldown,1,8,59.0,0,0,,4,2026-08-18T10:39:38.836096-03:00
35504,2026-08-10,Friday,Neutral-grip lat pulldown,Neutral-grip lat pulldown,1,8,59.0,0,0,,3,2026-08-18T10:39:38.836096-03:00
35503,2026-08-10,Friday,Neutral-grip lat pulldown,Neutral-grip lat pulldown,1,8,59.0,0,0,,2,2026-08-18T10:39:38.836096-03:00
35502,2026-08-10,Friday,Neutral-grip lat pulldown,Neutral-grip lat pulldown,1,12,59.0,0,0,,1,2026-08-18T10:39:38.836096-03:00
35501,2026-08-10,Friday,Chest-supported row,Chest-supported row,1,12,62.5,0,0,,3,2026-08-18T10:38:37.383726-03:00
35500,2026-08-10,Friday,Chest-supported row,Chest-supported row,1,12,62.5,0,0,,2,2026-08-18T10:38:37.383726-03:00
35499,2026-08-10,Friday,Chest-supported row,Chest-supported row,1,12,62.5,0,0,,1,2026-08-18T10:38:37.383726-03:00
35498,2026-08-10,Friday,Machine chest press,Machine chest press,1,12,50.0,0,0,,1,2026-08-18T10:38:02.037138-03:00
35497,2026-08-10,Friday,Machine chest press,Machine chest press,1,11,50.0,0,0,,2,2026-08-18T10:38:02.037138-03:00
35496,2026-08-10,Friday,Machine chest press,Machine chest press,1,7,55.0,0,0,,3,2026-08-18T10:38:02.037138-03:00
35495,2026-08-10,Friday,Machine chest press,Machine chest press,1,8,55.0,0,0,,4,2026-08-18T10:38:02.037138-03:00
35494,2026-08-10,Friday,Machine shoulder press,Machine shoulder press,1,15,27.5,0,0,,1,2026-08-18T10:39:17.188420-03:00
35493,2026-08-10,Friday,Machine shoulder press,Machine shoulder press,1,12,27.5,0,0,,2,2026-08-18T10:39:17.188420-03:00
35492,2026-08-10,Friday,Machine shoulder press,Machine shoulder press,1,10,27.5,0,0,,3,2026-08-18T10:39:17.188420-03:00
35491,2026-08-10,Friday,Cable triceps pushdown,Cable triceps pushdown,1,15,25.0,0,0,,1,2026-08-18T10:40:10.765306-03:00
35490,2026-08-10,Friday,Cable triceps pushdown,Cable triceps pushdown,1,9,27.5,0,0,,2,2026-08-18T10:40:10.765306-03:00
35489,2026-08-10,Friday,Cable triceps pushdown,Cable triceps pushdown,1,8,27.5,0,0,,3,2026-08-18T10:40:10.765306-03:00
35520,2026-08-07,Wednesday,Machine crunch,Machine crunch,1,15,50.0,0,0,,3,2026-08-18T10:36:36.772400-03:00
35519,2026-08-07,Wednesday,Machine crunch,Machine crunch,1,15,50.0,0,0,,2,2026-08-18T10:36:36.772400-03:00
35518,2026-08-07,Wednesday,Machine crunch,Machine crunch,1,20,50.0,0,0,,1,2026-08-18T10:36:36.772400-03:00
35517,2026-08-07,Wednesday,Supported split squat or low step-up,Supported split squat or low step-up,1,8,20.0,0,0,,3,2026-08-18T10:34:50.143404-03:00
35516,2026-08-07,Wednesday,Supported split squat or low step-up,Supported split squat or low step-up,1,10,20.0,0,0,,2,2026-08-18T10:34:50.143404-03:00
35515,2026-08-07,Wednesday,Supported split squat or low step-up,Supported split squat or low step-up,1,12,20.0,0,0,,1,2026-08-18T10:34:50.143404-03:00
35514,2026-08-07,Wednesday,Leg press,Leg press,1,10,120.0,0,0,,1,2026-08-18T10:33:55.368613-03:00
35513,2026-08-07,Wednesday,Leg press,Leg press,1,10,120.0,0,0,,2,2026-08-18T10:33:55.368613-03:00
35512,2026-08-07,Wednesday,Leg press,Leg press,1,10,120.0,0,0,,3,2026-08-18T10:33:55.368613-03:00
35511,2026-08-07,Wednesday,Machine hip thrust,Machine hip thrust,1,20,50.0,2,0,,1,2026-08-18T10:36:04.431198-03:00
35510,2026-08-07,Wednesday,Machine hip thrust,Machine hip thrust,1,15,50.0,2,0,,2,2026-08-18T10:36:04.431198-03:00
35509,2026-08-07,Wednesday,Machine hip thrust,Machine hip thrust,1,15,50.0,2,0,,3,2026-08-18T10:36:04.431198-03:00
35544,2026-08-06,Tuesday,Hammer curl,Hammer curl,1,11,8.0,0,0,,3,2026-08-18T10:15:05.011610-03:00
35543,2026-08-06,Tuesday,Hammer curl,Hammer curl,1,11,8.0,0,0,,2,2026-08-18T10:15:05.011610-03:00
35542,2026-08-06,Tuesday,Hammer curl,Hammer curl,1,10,8.0,0,0,,1,2026-08-18T10:15:05.011610-03:00
35541,2026-08-06,Tuesday,Reverse pec deck,Reverse pec deck,1,10,35.0,0,0,,4,2026-08-18T10:14:08.631053-03:00
35540,2026-08-06,Tuesday,Reverse pec deck,Reverse pec deck,1,12,35.0,0,0,,3,2026-08-18T10:14:08.631053-03:00
35539,2026-08-06,Tuesday,Reverse pec deck,Reverse pec deck,1,12,35.0,0,0,,2,2026-08-18T10:14:08.631053-03:00
35538,2026-08-06,Tuesday,Reverse pec deck,Reverse pec deck,1,12,35.0,0,0,,1,2026-08-18T10:14:08.631053-03:00
35537,2026-08-06,Tuesday,One-arm cable row,One-arm cable row,1,12,35.0,1,0,,3,2026-08-18T10:10:14.110415-03:00
35536,2026-08-06,Tuesday,One-arm cable row,One-arm cable row,1,15,35.0,1,0,,2,2026-08-18T10:10:14.110415-03:00
35535,2026-08-06,Tuesday,One-arm cable row,One-arm cable row,1,13,35.0,1,0,,1,2026-08-18T10:10:14.110415-03:00
35534,2026-08-06,Tuesday,Neutral-grip lat pulldown,Neutral-grip lat pulldown,1,11,59.0,1,0,,4,2026-08-18T10:08:51.889969-03:00
35533,2026-08-06,Tuesday,Neutral-grip lat pulldown,Neutral-grip lat pulldown,1,10,59.0,1,0,,3,2026-08-18T10:08:51.889969-03:00
35532,2026-08-06,Tuesday,Neutral-grip lat pulldown,Neutral-grip lat pulldown,1,12,59.0,1,0,,2,2026-08-18T10:08:51.889969-03:00
35531,2026-08-06,Tuesday,Neutral-grip lat pulldown,Neutral-grip lat pulldown,1,12,59.0,1,0,,1,2026-08-18T10:08:51.889969-03:00
35530,2026-08-06,Tuesday,Chest-supported machine row,Chest-supported machine row,1,12,57.5,2,0,,1,2026-08-18T10:09:28.709683-03:00
35529,2026-08-06,Tuesday,Chest-supported machine row,Chest-supported machine row,1,12,57.5,2,0,,2,2026-08-18T10:09:28.709683-03:00
35528,2026-08-06,Tuesday,Chest-supported machine row,Chest-supported machine row,1,12,57.5,2,0,,3,2026-08-18T10:09:28.709683-03:00
35527,2026-08-06,Tuesday,Chest-supported machine row,Chest-supported machine row,1,12,57.5,2,0,,4,2026-08-18T10:09:28.709683-03:00
35526,2026-08-06,Tuesday,One-arm cable row,One-arm cable row,1,20,35.0,1,0,,1,2026-08-18T10:13:42.517596-03:00
35525,2026-08-06,Tuesday,One-arm cable row,One-arm cable row,1,13,35.0,1,0,,2,2026-08-18T10:13:42.517596-03:00
35524,2026-08-06,Tuesday,One-arm cable row,One-arm cable row,1,15,35.0,1,0,,3,2026-08-18T10:13:42.517596-03:00
35523,2026-08-06,Tuesday,Cable or machine curl,Cable or machine curl,1,12,39.0,0,0,,1,2026-08-18T10:14:44.096159-03:00
35522,2026-08-06,Tuesday,Cable or machine curl,Cable or machine curl,1,10,39.0,0,0,,2,2026-08-18T10:14:44.096159-03:00
35521,2026-08-06,Tuesday,Cable or machine curl,Cable or machine curl,1,9,39.0,0,0,,3,2026-08-18T10:14:44.096159-03:00
35564,2026-08-05,Wednesday,Cable triceps pushdown,Cable triceps pushdown,1,10,27.5,0,0,,3,2026-08-06T07:37:00.919542-03:00
35563,2026-08-05,Wednesday,Cable triceps pushdown,Cable triceps pushdown,1,10,27.5,0,0,,2,2026-08-06T07:37:00.919542-03:00
35562,2026-08-05,Wednesday,Cable triceps pushdown,Cable triceps pushdown,1,13,27.5,0,0,,1,2026-08-06T07:37:00.919542-03:00
35561,2026-08-05,Wednesday,Machine shoulder press,Machine shoulder press,1,8,27.5,0,0,,3,2026-08-06T07:35:53.797348-03:00
35560,2026-08-05,Wednesday,Machine shoulder press,Machine shoulder press,1,8,27.5,0,0,,2,2026-08-06T07:35:53.797348-03:00
35559,2026-08-05,Wednesday,Machine shoulder press,Machine shoulder press,1,12,27.5,0,0,,1,2026-08-06T07:35:53.797348-03:00
35558,2026-08-05,Wednesday,Incline machine chest press,Incline machine chest press,1,8,50.0,0,0,,4,2026-08-06T07:34:57.374845-03:00
35557,2026-08-05,Wednesday,Incline machine chest press,Incline machine chest press,1,8,50.0,0,0,,3,2026-08-06T07:34:57.374845-03:00
35556,2026-08-05,Wednesday,Incline machine chest press,Incline machine chest press,1,9,50.0,0,0,,2,2026-08-06T07:34:57.374845-03:00
35555,2026-08-05,Wednesday,Incline machine chest press,Incline machine chest press,1,12,50.0,0,0,,1,2026-08-06T07:34:57.374845-03:00
35554,2026-08-05,Wednesday,Pec deck,Pec deck,1,10,57.5,0,0,,1,2026-08-06T07:35:20.482713-03:00
35553,2026-08-05,Wednesday,Pec deck,Pec deck,1,10,57.5,0,0,,2,2026-08-06T07:35:20.482713-03:00
35552,2026-08-05,Wednesday,Pec deck,Pec deck,1,10,57.5,0,0,,3,2026-08-06T07:35:20.482713-03:00
35551,2026-08-05,Wednesday,Cable or machine lateral raise,Cable or machine lateral raise,1,12,2.5,1,0,,1,2026-08-06T07:36:21.231948-03:00
35550,2026-08-05,Wednesday,Cable or machine lateral raise,Cable or machine lateral raise,1,12,2.5,1,0,,2,2026-08-06T07:36:21.231948-03:00
35549,2026-08-05,Wednesday,Cable or machine lateral raise,Cable or machine lateral raise,1,12,2.5,1,0,,3,2026-08-06T07:36:21.231948-03:00
35548,2026-08-05,Wednesday,Cable or machine lateral raise,Cable or machine lateral raise,1,12,2.5,1,0,,4,2026-08-06T07:36:21.231948-03:00
35547,2026-08-05,Wednesday,Overhead cable triceps extension,Overhead cable triceps extension,1,10,12.5,1,0,,1,2026-08-06T07:37:29.378641-03:00
35546,2026-08-05,Wednesday,Overhead cable triceps extension,Overhead cable triceps extension,1,12,10.0,1,0,,2,2026-08-06T07:37:29.378641-03:00
35545,2026-08-05,Wednesday,Overhead cable triceps extension,Overhead cable triceps extension,1,10,10.0,1,0,,3,2026-08-06T07:37:29.378641-03:00
35584,2026-08-04,Tuesday,Machine hip thrust,Machine hip thrust,1,10,80.0,0,0,,3,2026-08-06T07:33:38.730402-03:00
35583,2026-08-04,Tuesday,Machine hip thrust,Machine hip thrust,1,11,80.0,0,0,,2,2026-08-06T07:33:38.730402-03:00
35582,2026-08-04,Tuesday,Machine hip thrust,Machine hip thrust,1,10,80.0,0,0,,1,2026-08-06T07:33:38.730402-03:00
35581,2026-08-04,Tuesday,Seated leg curl,Seated leg curl,1,10,80.0,0,0,,3,2026-08-06T07:33:00.774876-03:00
35580,2026-08-04,Tuesday,Seated leg curl,Seated leg curl,1,10,80.0,0,0,,2,2026-08-06T07:33:00.774876-03:00
35579,2026-08-04,Tuesday,Seated leg curl,Seated leg curl,1,10,80.0,0,0,,1,2026-08-06T07:33:00.774876-03:00
35578,2026-08-04,Tuesday,Leg press,Leg press,1,10,160.0,0,0,,2,2026-08-06T07:28:09.440642-03:00
35577,2026-08-04,Tuesday,Leg press,Leg press,1,10,160.0,0,0,,1,2026-08-06T07:28:09.440642-03:00
35576,2026-08-04,Tuesday,Pallof press,Pallof press,1,20,10.0,2,0,,1,2026-08-06T07:29:13.842064-03:00
35575,2026-08-04,Tuesday,Pallof press,Pallof press,1,20,10.0,2,0,,2,2026-08-06T07:29:13.842064-03:00
35574,2026-08-04,Tuesday,Pallof press,Pallof press,1,20,10.0,2,0,,3,2026-08-06T07:29:13.842064-03:00
35573,2026-08-04,Tuesday,Pallof press,Pallof press,1,20,10.0,0,0,,1,2026-08-06T07:30:07.570678-03:00
35572,2026-08-04,Tuesday,Pallof press,Pallof press,1,20,10.0,0,0,,2,2026-08-06T07:30:07.570678-03:00
35571,2026-08-04,Tuesday,Pallof press,Pallof press,1,15,10.0,0,0,,3,2026-08-06T07:30:07.570678-03:00
35570,2026-08-04,Tuesday,Leg extension,Leg extension,1,12,72.5,0,0,,1,2026-08-06T07:33:22.028078-03:00
35569,2026-08-04,Tuesday,Leg extension,Leg extension,1,12,72.5,0,0,,2,2026-08-06T07:33:22.028078-03:00
35568,2026-08-04,Tuesday,Leg extension,Leg extension,1,12,72.5,0,0,,3,2026-08-06T07:33:22.028078-03:00
35567,2026-08-04,Tuesday,Seated calf raise,Seated calf raise,1,12,40.0,2,0,,1,2026-08-06T07:34:00.289436-03:00
35566,2026-08-04,Tuesday,Seated calf raise,Seated calf raise,1,12,40.0,2,0,,2,2026-08-06T07:34:00.289436-03:00
35565,2026-08-04,Tuesday,Seated calf raise,Seated calf raise,1,12,40.0,2,0,,3,2026-08-06T07:34:00.289436-03:00
35604,2026-08-03,Monday,Cable triceps pushdown,Cable triceps pushdown,1,12,27.5,0,0,,3,2026-08-03T21:25:49.871868-03:00
35603,2026-08-03,Monday,Cable triceps pushdown,Cable triceps pushdown,1,13,27.5,0,0,,2,2026-08-03T21:25:49.871868-03:00
35602,2026-08-03,Monday,Cable triceps pushdown,Cable triceps pushdown,1,15,27.5,0,0,,1,2026-08-03T21:25:49.871868-03:00
35601,2026-08-03,Monday,Machine shoulder press,Machine shoulder press,1,10,27.5,0,0,,3,2026-08-03T21:24:44.059867-03:00
35600,2026-08-03,Monday,Machine shoulder press,Machine shoulder press,1,12,27.5,0,0,,2,2026-08-03T21:24:44.059867-03:00
35599,2026-08-03,Monday,Machine shoulder press,Machine shoulder press,1,12,27.5,0,0,,1,2026-08-03T21:24:44.059867-03:00
35598,2026-08-03,Monday,Machine chest press,Machine chest press,1,8,50.0,0,0,,4,2026-08-03T21:23:24.401425-03:00
35597,2026-08-03,Monday,Machine chest press,Machine chest press,1,8,50.0,0,0,,3,2026-08-03T21:23:24.401425-03:00
35596,2026-08-03,Monday,Machine chest press,Machine chest press,1,10,50.0,0,0,,2,2026-08-03T21:23:24.401425-03:00
35595,2026-08-03,Monday,Machine chest press,Machine chest press,1,12,50.0,0,0,,1,2026-08-03T21:23:24.401425-03:00
35594,2026-08-03,Monday,Chest-supported row,Chest-supported row,1,12,57.5,0,0,,1,2026-08-03T21:24:12.844907-03:00
35593,2026-08-03,Monday,Chest-supported row,Chest-supported row,1,12,57.5,0,0,,2,2026-08-03T21:24:12.844907-03:00
35592,2026-08-03,Monday,Chest-supported row,Chest-supported row,1,12,57.5,0,0,,3,2026-08-03T21:24:12.844907-03:00
35591,2026-08-03,Monday,Neutral-grip lat pulldown,Neutral-grip lat pulldown,1,8,59.0,0,0,,1,2026-08-03T21:25:09.852964-03:00
35590,2026-08-03,Monday,Neutral-grip lat pulldown,Neutral-grip lat pulldown,1,12,54.0,0,0,,2,2026-08-03T21:25:09.852964-03:00
35589,2026-08-03,Monday,Neutral-grip lat pulldown,Neutral-grip lat pulldown,1,8,54.0,0,0,,3,2026-08-03T21:25:09.852964-03:00
35588,2026-08-03,Monday,Neutral-grip lat pulldown,Neutral-grip lat pulldown,1,8,54.0,0,0,,4,2026-08-03T21:25:09.852964-03:00
35587,2026-08-03,Monday,Machine or cable curl,Machine or cable curl,1,13,39.0,0,0,,1,2026-08-03T21:26:12.809714-03:00
35586,2026-08-03,Monday,Machine or cable curl,Machine or cable curl,1,10,39.0,0,0,,2,2026-08-03T21:26:12.809714-03:00
35585,2026-08-03,Monday,Machine or cable curl,Machine or cable curl,1,10,39.0,0,0,,3,2026-08-03T21:26:12.809714-03:00
35624,2026-08-01,Friday,Machine hip thrust,Machine hip thrust,1,10,80.0,2,0,,4,2026-08-01T15:01:51.132724-03:00
35623,2026-08-01,Friday,Machine hip thrust,Machine hip thrust,1,8,80.0,2,0,,3,2026-08-01T15:01:51.132724-03:00
35622,2026-08-01,Friday,Machine hip thrust,Machine hip thrust,1,8,40.0,2,0,,2,2026-08-01T15:01:51.132724-03:00
35621,2026-08-01,Friday,Machine hip thrust,Machine hip thrust,1,12,0.0,2,0,,1,2026-08-01T15:01:51.132724-03:00
35620,2026-08-01,Friday,Supported split squat or low step-up,Supported split squat or low step-up,1,10,10.0,2,0,,3,2026-08-01T14:57:14.333722-03:00
35619,2026-08-01,Friday,Supported split squat or low step-up,Supported split squat or low step-up,1,10,10.0,2,0,,2,2026-08-01T14:57:14.333722-03:00
35618,2026-08-01,Friday,Supported split squat or low step-up,Supported split squat or low step-up,1,10,0.0,2,0,,1,2026-08-01T14:57:14.333722-03:00
35617,2026-08-01,Friday,Seated or lying leg curl,Seated or lying leg curl,1,8,80.0,0,0,,4,2026-08-01T14:55:46.655014-03:00
35616,2026-08-01,Friday,Seated or lying leg curl,Seated or lying leg curl,1,8,80.0,0,0,,3,2026-08-01T14:55:46.655014-03:00
35615,2026-08-01,Friday,Seated or lying leg curl,Seated or lying leg curl,1,8,80.0,0,0,,2,2026-08-01T14:55:46.655014-03:00
35614,2026-08-01,Friday,Seated or lying leg curl,Seated or lying leg curl,1,8,80.0,0,0,,1,2026-08-01T14:55:46.655014-03:00
35613,2026-08-01,Friday,Leg press,Leg press,1,10,160.0,0,0,,1,2026-08-01T14:56:31.592403-03:00
35612,2026-08-01,Friday,Leg press,Leg press,1,10,160.0,0,0,,2,2026-08-01T14:56:31.592403-03:00
35611,2026-08-01,Friday,Leg press,Leg press,1,10,160.0,0,0,,3,2026-08-01T14:56:31.592403-03:00
35610,2026-08-01,Friday,Seated calf raise,Seated calf raise,1,15,40.0,3,0,,1,2026-08-01T14:58:06.158021-03:00
35609,2026-08-01,Friday,Seated calf raise,Seated calf raise,1,15,40.0,3,0,,2,2026-08-01T14:58:06.158021-03:00
35608,2026-08-01,Friday,Seated calf raise,Seated calf raise,1,15,40.0,3,0,,3,2026-08-01T14:58:06.158021-03:00
35607,2026-08-01,Friday,Machine crunch,Machine crunch,1,12,80.0,0,0,,1,2026-08-01T15:02:44.637698-03:00
35606,2026-08-01,Friday,Machine crunch,Machine crunch,1,12,80.0,0,0,,2,2026-08-01T15:02:44.637698-03:00
35605,2026-08-01,Friday,Machine crunch,Machine crunch,1,10,80.0,0,0,,3,2026-08-01T15:02:44.637698-03:00
35645,2026-07-31,Thursday,Cable or machine curl,Cable or machine curl,1,8,39.0,0,0,,3,2026-08-01T15:49:57.943489-03:00
35644,2026-07-31,Thursday,Cable or machine curl,Cable or machine curl,1,10,39.0,0,0,,2,2026-08-01T15:49:57.943489-03:00
35643,2026-07-31,Thursday,Cable or machine curl,Cable or machine curl,1,14,39.0,0,0,,1,2026-08-01T15:49:57.943489-03:00
35642,2026-07-31,Thursday,One-arm cable row,One-arm cable row,1,12,0.0,1,0,,3,2026-08-01T15:48:33.822403-03:00
35641,2026-07-31,Thursday,One-arm cable row,One-arm cable row,1,12,0.0,1,0,,2,2026-08-01T15:48:33.822403-03:00
35640,2026-07-31,Thursday,One-arm cable row,One-arm cable row,1,12,15.0,1,0,,1,2026-08-01T15:48:33.822403-03:00
35639,2026-07-31,Thursday,Neutral-grip lat pulldown,Neutral-grip lat pulldown,1,8,59.0,0,0,,4,2026-08-01T15:46:16.899835-03:00
35638,2026-07-31,Thursday,Neutral-grip lat pulldown,Neutral-grip lat pulldown,1,8,59.0,0,0,,3,2026-08-01T15:46:16.899835-03:00
35637,2026-07-31,Thursday,Neutral-grip lat pulldown,Neutral-grip lat pulldown,1,8,59.0,0,0,,2,2026-08-01T15:46:16.899835-03:00
35636,2026-07-31,Thursday,Neutral-grip lat pulldown,Neutral-grip lat pulldown,1,8,59.0,0,0,,1,2026-08-01T15:46:16.899835-03:00
35635,2026-07-31,Thursday,Chest-supported machine row,Chest-supported machine row,1,8,52.5,0,0,,1,2026-08-01T15:47:24.229334-03:00
35634,2026-07-31,Thursday,Chest-supported machine row,Chest-supported machine row,1,10,52.5,0,0,,2,2026-08-01T15:47:24.229334-03:00
35633,2026-07-31,Thursday,Chest-supported machine row,Chest-supported machine row,1,10,52.5,0,0,,3,2026-08-01T15:47:24.229334-03:00
35632,2026-07-31,Thursday,Chest-supported machine row,Chest-supported machine row,1,9,57.5,0,0,,4,2026-08-01T15:47:24.229334-03:00
35631,2026-07-31,Thursday,Reverse pec deck,Reverse pec deck,1,12,35.0,0,0,,1,2026-08-01T15:49:32.781373-03:00
35630,2026-07-31,Thursday,Reverse pec deck,Reverse pec deck,1,12,35.0,0,0,,2,2026-08-01T15:49:32.781373-03:00
35629,2026-07-31,Thursday,Reverse pec deck,Reverse pec deck,1,12,35.0,0,0,,3,2026-08-01T15:49:32.781373-03:00
35628,2026-07-31,Thursday,Reverse pec deck,Reverse pec deck,1,12,35.0,0,0,,4,2026-08-01T15:49:32.781373-03:00
35627,2026-07-31,Thursday,Hammer curl,Hammer curl,1,10,7.0,0,0,,1,2026-08-01T15:50:15.556742-03:00
35626,2026-07-31,Thursday,Hammer curl,Hammer curl,1,12,0.0,0,0,,2,2026-08-01T15:50:15.556742-03:00
35625,2026-07-31,Thursday,Hammer curl,Hammer curl,1,10,0.0,0,0,,3,2026-08-01T15:50:15.556742-03:00
35664,2026-07-30,Wednesday,Cable triceps pushdown,Cable triceps pushdown,1,11,28.75,1,0,,3,2026-07-30T16:32:44.808021-03:00
35663,2026-07-30,Wednesday,Cable triceps pushdown,Cable triceps pushdown,1,12,28.75,1,0,,2,2026-07-30T16:32:44.808021-03:00
35662,2026-07-30,Wednesday,Cable triceps pushdown,Cable triceps pushdown,1,11,28.75,1,0,,1,2026-07-30T16:32:44.808021-03:00
35661,2026-07-30,Wednesday,Machine shoulder press,Machine shoulder press,1,8,27.5,0,0,,3,2026-07-30T16:30:13.846701-03:00
35660,2026-07-30,Wednesday,Machine shoulder press,Machine shoulder press,1,8,27.5,0,0,,2,2026-07-30T16:30:13.846701-03:00
35659,2026-07-30,Wednesday,Machine shoulder press,Machine shoulder press,1,8,27.5,0,0,,1,2026-07-30T16:30:13.846701-03:00
35658,2026-07-30,Wednesday,Incline machine chest press,Incline machine chest press,1,8,52.5,0,0,,4,2026-07-30T16:26:52.948150-03:00
35657,2026-07-30,Wednesday,Incline machine chest press,Incline machine chest press,1,8,50.0,0,0,,3,2026-07-30T16:26:52.948150-03:00
35656,2026-07-30,Wednesday,Incline machine chest press,Incline machine chest press,1,8,50.0,0,0,,2,2026-07-30T16:26:52.948150-03:00
35655,2026-07-30,Wednesday,Incline machine chest press,Incline machine chest press,1,8,50.0,0,0,,1,2026-07-30T16:26:52.948150-03:00
35654,2026-07-30,Wednesday,Pec deck,Pec deck,1,10,57.5,0,0,,1,2026-07-30T16:29:15.244179-03:00
35653,2026-07-30,Wednesday,Pec deck,Pec deck,1,10,57.5,0,0,,2,2026-07-30T16:29:15.244179-03:00
35652,2026-07-30,Wednesday,Pec deck,Pec deck,1,10,57.5,0,0,,3,2026-07-30T16:29:15.244179-03:00
35651,2026-07-30,Wednesday,Cable or machine lateral raise,Cable or machine lateral raise,1,16,3.75,0,0,,1,2026-07-30T16:32:02.852330-03:00
35650,2026-07-30,Wednesday,Cable or machine lateral raise,Cable or machine lateral raise,1,12,4.375,0,0,,2,2026-07-30T16:32:02.852330-03:00
35649,2026-07-30,Wednesday,Cable or machine lateral raise,Cable or machine lateral raise,1,12,4.375,0,0,,3,2026-07-30T16:32:02.852330-03:00
35648,2026-07-30,Wednesday,Overhead cable triceps extension,Overhead cable triceps extension,1,10,11.25,1,0,,1,2026-07-30T16:33:13.024744-03:00
35647,2026-07-30,Wednesday,Overhead cable triceps extension,Overhead cable triceps extension,1,10,11.25,1,0,,2,2026-07-30T16:33:13.024744-03:00
35646,2026-07-30,Wednesday,Overhead cable triceps extension,Overhead cable triceps extension,1,11,11.25,1,0,,3,2026-07-30T16:33:13.024744-03:00
35670,2026-07-28,Tuesday,Leg press,Leg press,1,9,160.0,0,0,,3,2026-07-28T14:53:31.816753-03:00
35669,2026-07-28,Tuesday,Leg press,Leg press,1,10,160.0,0,0,,2,2026-07-28T14:53:31.816753-03:00
35668,2026-07-28,Tuesday,Leg press,Leg press,1,10,160.0,0,0,,1,2026-07-28T14:53:31.816753-03:00
35667,2026-07-28,Tuesday,Seated leg curl,Seated leg curl,1,12,72.5,0,0,,1,2026-07-28T15:00:25.188491-03:00
35666,2026-07-28,Tuesday,Seated leg curl,Seated leg curl,1,10,72.5,0,0,,2,2026-07-28T15:00:25.188491-03:00
35665,2026-07-28,Tuesday,Seated leg curl,Seated leg curl,1,10,72.5,0,0,,3,2026-07-28T15:00:25.188491-03:00
35690,2026-07-27,Monday,Machine or cable curl,Machine or cable curl,1,8,39.0,0,0,,3,2026-07-27T12:00:00.000000-03:00
35689,2026-07-27,Monday,Machine or cable curl,Machine or cable curl,1,8,39.0,0,0,,2,2026-07-27T12:00:00.000000-03:00
35688,2026-07-27,Monday,Machine or cable curl,Machine or cable curl,1,10,39.0,0,0,,1,2026-07-27T12:00:00.000000-03:00
35687,2026-07-27,Monday,Cable triceps pushdown,Cable triceps pushdown,1,8,27.5,0,0,,3,2026-07-27T12:00:01.000000-03:00
35686,2026-07-27,Monday,Cable triceps pushdown,Cable triceps pushdown,1,10,27.5,0,0,,2,2026-07-27T12:00:01.000000-03:00
35685,2026-07-27,Monday,Cable triceps pushdown,Cable triceps pushdown,1,10,27.5,0,0,,1,2026-07-27T12:00:01.000000-03:00
35684,2026-07-27,Monday,Machine shoulder press,Machine shoulder press,1,8,27.5,0,0,,3,2026-07-27T12:00:02.000000-03:00
35683,2026-07-27,Monday,Machine shoulder press,Machine shoulder press,1,8,27.5,0,0,,2,2026-07-27T12:00:02.000000-03:00
35682,2026-07-27,Monday,Machine shoulder press,Machine shoulder press,1,10,27.5,0,0,,1,2026-07-27T12:00:02.000000-03:00
35681,2026-07-27,Monday,Chest-supported row,Chest-supported row,1,8,57.5,0,0,,3,2026-07-27T12:00:03.000000-03:00
35680,2026-07-27,Monday,Chest-supported row,Chest-supported row,1,8,57.5,0,0,,2,2026-07-27T12:00:03.000000-03:00
35679,2026-07-27,Monday,Chest-supported row,Chest-supported row,1,12,50.0,0,0,,1,2026-07-27T12:00:03.000000-03:00
35678,2026-07-27,Monday,Neutral-grip lat pulldown,Neutral-grip lat pulldown,1,7,59.0,0,0,,4,2026-07-27T12:00:04.000000-03:00
35677,2026-07-27,Monday,Neutral-grip lat pulldown,Neutral-grip lat pulldown,1,7,59.0,0,0,,3,2026-07-27T12:00:04.000000-03:00
35676,2026-07-27,Monday,Neutral-grip lat pulldown,Neutral-grip lat pulldown,1,8,59.0,0,0,,2,2026-07-27T12:00:04.000000-03:00
35675,2026-07-27,Monday,Neutral-grip lat pulldown,Neutral-grip lat pulldown,1,8,59.0,0,0,,1,2026-07-27T12:00:04.000000-03:00
35674,2026-07-27,Monday,Machine chest press,Machine chest press,1,6,50.0,0,0,,4,2026-07-27T12:00:05.000000-03:00
35673,2026-07-27,Monday,Machine chest press,Machine chest press,1,8,50.0,0,0,,3,2026-07-27T12:00:05.000000-03:00
35672,2026-07-27,Monday,Machine chest press,Machine chest press,1,8,50.0,0,0,,2,2026-07-27T12:00:05.000000-03:00
35671,2026-07-27,Monday,Machine chest press,Machine chest press,1,8,50.0,0,0,,1,2026-07-27T12:00:05.000000-03:00
35703,2026-07-25,Saturday,Machine crunch,Machine crunch,1,10,80.0,2,0,,3,2026-07-25T12:00:06.000000-03:00
35702,2026-07-25,Saturday,Machine crunch,Machine crunch,1,10,80.0,2,0,,2,2026-07-25T12:00:06.000000-03:00
35701,2026-07-25,Saturday,Machine crunch,Machine crunch,1,10,80.0,2,0,,1,2026-07-25T12:00:06.000000-03:00
35700,2026-07-25,Saturday,Supported split squat or low step-up,Supported split squat or low step-up,1,8,0.0,2,0,,3,2026-07-25T12:00:07.000000-03:00
35699,2026-07-25,Saturday,Supported split squat or low step-up,Supported split squat or low step-up,1,8,0.0,2,0,,2,2026-07-25T12:00:07.000000-03:00
35698,2026-07-25,Saturday,Supported split squat or low step-up,Supported split squat or low step-up,1,8,0.0,2,0,,1,2026-07-25T12:00:07.000000-03:00
35697,2026-07-25,Saturday,Leg press,Leg press,1,10,160.0,2,0,,3,2026-07-25T12:00:08.000000-03:00
35696,2026-07-25,Saturday,Leg press,Leg press,1,10,160.0,2,0,,2,2026-07-25T12:00:08.000000-03:00
35695,2026-07-25,Saturday,Leg press,Leg press,1,10,120.0,2,0,,1,2026-07-25T12:00:08.000000-03:00
35694,2026-07-25,Saturday,Seated or lying leg curl,Seated or lying leg curl,1,8,80.0,0,0,,4,2026-07-25T12:00:09.000000-03:00
35693,2026-07-25,Saturday,Seated or lying leg curl,Seated or lying leg curl,1,8,80.0,0,0,,3,2026-07-25T12:00:09.000000-03:00
35692,2026-07-25,Saturday,Seated or lying leg curl,Seated or lying leg curl,1,8,80.0,0,0,,2,2026-07-25T12:00:09.000000-03:00
35691,2026-07-25,Saturday,Seated or lying leg curl,Seated or lying leg curl,1,12,72.5,0,0,,1,2026-07-25T12:00:09.000000-03:00
35724,2026-07-23,Thursday,Hammer curl,Hammer curl,1,10,7.0,1,0,,3,2026-07-23T12:00:10.000000-03:00
35723,2026-07-23,Thursday,Hammer curl,Hammer curl,1,10,7.0,1,0,,2,2026-07-23T12:00:10.000000-03:00
35722,2026-07-23,Thursday,Hammer curl,Hammer curl,1,10,7.0,1,0,,1,2026-07-23T12:00:10.000000-03:00
35721,2026-07-23,Thursday,Cable or machine curl,Cable or machine curl,1,8,39.0,0,0,,3,2026-07-23T12:00:11.000000-03:00
35720,2026-07-23,Thursday,Cable or machine curl,Cable or machine curl,1,10,39.0,0,0,,2,2026-07-23T12:00:11.000000-03:00
35719,2026-07-23,Thursday,Cable or machine curl,Cable or machine curl,1,10,34.5,0,0,,1,2026-07-23T12:00:11.000000-03:00
35718,2026-07-23,Thursday,Reverse pec deck,Reverse pec deck,1,12,35.0,0,0,,4,2026-07-23T12:00:12.000000-03:00
35717,2026-07-23,Thursday,Reverse pec deck,Reverse pec deck,1,12,35.0,0,0,,3,2026-07-23T12:00:12.000000-03:00
35716,2026-07-23,Thursday,Reverse pec deck,Reverse pec deck,1,12,35.0,0,0,,2,2026-07-23T12:00:12.000000-03:00
35715,2026-07-23,Thursday,Reverse pec deck,Reverse pec deck,1,12,42.5,0,0,,1,2026-07-23T12:00:12.000000-03:00
35714,2026-07-23,Thursday,One-arm cable row,One-arm cable row,1,14,15.0,0,0,,3,2026-07-23T12:00:13.000000-03:00
35713,2026-07-23,Thursday,One-arm cable row,One-arm cable row,1,12,15.0,0,0,,2,2026-07-23T12:00:13.000000-03:00
35712,2026-07-23,Thursday,One-arm cable row,One-arm cable row,1,15,10.0,0,0,,1,2026-07-23T12:00:13.000000-03:00
35711,2026-07-23,Thursday,Chest-supported machine row,Chest-supported machine row,1,10,52.0,0,0,,4,2026-07-23T12:00:14.000000-03:00
35710,2026-07-23,Thursday,Chest-supported machine row,Chest-supported machine row,1,12,45.0,0,0,,3,2026-07-23T12:00:14.000000-03:00
35709,2026-07-23,Thursday,Chest-supported machine row,Chest-supported machine row,1,12,45.0,0,0,,2,2026-07-23T12:00:14.000000-03:00
35708,2026-07-23,Thursday,Chest-supported machine row,Chest-supported machine row,1,12,39.0,0,0,,1,2026-07-23T12:00:14.000000-03:00
35707,2026-07-23,Thursday,Neutral-grip lat pulldown,Neutral-grip lat pulldown,1,7,59.0,0,0,,4,2026-07-23T12:00:15.000000-03:00
35706,2026-07-23,Thursday,Neutral-grip lat pulldown,Neutral-grip lat pulldown,1,8,59.0,0,0,,3,2026-07-23T12:00:15.000000-03:00
35705,2026-07-23,Thursday,Neutral-grip lat pulldown,Neutral-grip lat pulldown,1,10,54.0,0,0,,2,2026-07-23T12:00:15.000000-03:00
35704,2026-07-23,Thursday,Neutral-grip lat pulldown,Neutral-grip lat pulldown,1,12,47.0,0,0,,1,2026-07-23T12:00:15.000000-03:00
35743,2026-07-22,Wednesday,Overhead cable triceps extension,Overhead cable triceps extension,1,10,10.0,1,0,,3,2026-07-22T12:00:16.000000-03:00
35742,2026-07-22,Wednesday,Overhead cable triceps extension,Overhead cable triceps extension,1,10,10.0,1,0,,2,2026-07-22T12:00:16.000000-03:00
35741,2026-07-22,Wednesday,Overhead cable triceps extension,Overhead cable triceps extension,1,13,10.0,1,0,,1,2026-07-22T12:00:16.000000-03:00
35740,2026-07-22,Wednesday,Cable triceps pushdown,Cable triceps pushdown,1,8,27.5,0,0,,3,2026-07-22T12:00:17.000000-03:00
35739,2026-07-22,Wednesday,Cable triceps pushdown,Cable triceps pushdown,1,10,27.5,0,0,,2,2026-07-22T12:00:17.000000-03:00
35738,2026-07-22,Wednesday,Cable triceps pushdown,Cable triceps pushdown,1,12,27.5,0,0,,1,2026-07-22T12:00:17.000000-03:00
35737,2026-07-22,Wednesday,Cable or machine lateral raise,Cable or machine lateral raise,1,10,5.0,2,0,,3,2026-07-22T12:00:18.000000-03:00
35736,2026-07-22,Wednesday,Cable or machine lateral raise,Cable or machine lateral raise,1,12,5.0,2,0,,2,2026-07-22T12:00:18.000000-03:00
35735,2026-07-22,Wednesday,Cable or machine lateral raise,Cable or machine lateral raise,1,20,2.5,2,0,,1,2026-07-22T12:00:18.000000-03:00
35734,2026-07-22,Wednesday,Machine shoulder press,Machine shoulder press,1,9,25.5,0,0,,3,2026-07-22T12:00:19.000000-03:00
35733,2026-07-22,Wednesday,Machine shoulder press,Machine shoulder press,1,8,27.5,0,0,,2,2026-07-22T12:00:19.000000-03:00
35732,2026-07-22,Wednesday,Machine shoulder press,Machine shoulder press,1,15,20.0,0,0,,1,2026-07-22T12:00:19.000000-03:00
35731,2026-07-22,Wednesday,Pec deck,Pec deck,1,9,57.5,0,0,,3,2026-07-22T12:00:20.000000-03:00
35730,2026-07-22,Wednesday,Pec deck,Pec deck,1,8,57.5,0,0,,2,2026-07-22T12:00:20.000000-03:00
35729,2026-07-22,Wednesday,Pec deck,Pec deck,1,11,57.5,0,0,,1,2026-07-22T12:00:20.000000-03:00
35728,2026-07-22,Wednesday,Incline machine chest press,Incline machine chest press,1,8,50.0,0,0,,4,2026-07-22T12:00:21.000000-03:00
35727,2026-07-22,Wednesday,Incline machine chest press,Incline machine chest press,1,8,50.0,0,0,,3,2026-07-22T12:00:21.000000-03:00
35726,2026-07-22,Wednesday,Incline machine chest press,Incline machine chest press,1,12,40.0,0,0,,2,2026-07-22T12:00:21.000000-03:00
35725,2026-07-22,Wednesday,Incline machine chest press,Incline machine chest press,1,13,30.0,0,0,,1,2026-07-22T12:00:21.000000-03:00
35752,2026-07-21,Tuesday,Leg extension,Leg extension,1,10,72.5,0,0,,3,2026-07-21T12:00:22.000000-03:00
35751,2026-07-21,Tuesday,Leg extension,Leg extension,1,12,72.5,0,0,,2,2026-07-21T12:00:22.000000-03:00
35750,2026-07-21,Tuesday,Leg extension,Leg extension,1,12,72.5,0,0,,1,2026-07-21T12:00:22.000000-03:00
35749,2026-07-21,Tuesday,Seated leg curl,Seated leg curl,1,10,72.5,1,0,,3,2026-07-21T12:00:23.000000-03:00
35748,2026-07-21,Tuesday,Seated leg curl,Seated leg curl,1,10,72.5,1,0,,2,2026-07-21T12:00:23.000000-03:00
35747,2026-07-21,Tuesday,Seated leg curl,Seated leg curl,1,11,72.5,1,0,,1,2026-07-21T12:00:23.000000-03:00
35746,2026-07-21,Tuesday,Leg press,Leg press,1,11,150.0,2,0,,3,2026-07-21T12:00:24.000000-03:00
35745,2026-07-21,Tuesday,Leg press,Leg press,1,11,130.0,2,0,,2,2026-07-21T12:00:24.000000-03:00
35744,2026-07-21,Tuesday,Leg press,Leg press,1,15,90.0,2,0,,1,2026-07-21T12:00:24.000000-03:00
35772,2026-07-20,Monday,Machine or dumbbell curl,Machine or dumbbell curl,1,7,39.0,0,0,,3,2026-07-20T12:00:25.000000-03:00
35771,2026-07-20,Monday,Machine or dumbbell curl,Machine or dumbbell curl,1,10,39.0,0,0,,2,2026-07-20T12:00:25.000000-03:00
35770,2026-07-20,Monday,Machine or dumbbell curl,Machine or dumbbell curl,1,12,32.0,0,0,,1,2026-07-20T12:00:25.000000-03:00
35769,2026-07-20,Monday,Cable triceps pushdown,Cable triceps pushdown,1,8,22.0,0,0,,3,2026-07-20T12:00:26.000000-03:00
35768,2026-07-20,Monday,Cable triceps pushdown,Cable triceps pushdown,1,9,22.0,0,0,,2,2026-07-20T12:00:26.000000-03:00
35767,2026-07-20,Monday,Cable triceps pushdown,Cable triceps pushdown,1,9,22.0,0,0,,1,2026-07-20T12:00:26.000000-03:00
35766,2026-07-20,Monday,Machine shoulder press (neutral grip),Machine shoulder press (neutral grip),1,8,27.5,0,0,,3,2026-07-20T12:00:27.000000-03:00
35765,2026-07-20,Monday,Machine shoulder press (neutral grip),Machine shoulder press (neutral grip),1,11,25.0,0,0,,2,2026-07-20T12:00:27.000000-03:00
35764,2026-07-20,Monday,Machine shoulder press (neutral grip),Machine shoulder press (neutral grip),1,12,20.0,0,0,,1,2026-07-20T12:00:27.000000-03:00
35763,2026-07-20,Monday,Chest-supported machine row,Chest-supported machine row,1,8,50.0,0,0,,3,2026-07-20T12:00:28.000000-03:00
35762,2026-07-20,Monday,Chest-supported machine row,Chest-supported machine row,1,12,42.5,0,0,,2,2026-07-20T12:00:28.000000-03:00
35761,2026-07-20,Monday,Chest-supported machine row,Chest-supported machine row,1,12,42.5,0,0,,1,2026-07-20T12:00:28.000000-03:00
35760,2026-07-20,Monday,Lat pulldown,Lat pulldown,1,9,50.0,0,0,,4,2026-07-20T12:00:29.000000-03:00
35759,2026-07-20,Monday,Lat pulldown,Lat pulldown,1,12,45.0,0,0,,3,2026-07-20T12:00:29.000000-03:00
35758,2026-07-20,Monday,Lat pulldown,Lat pulldown,1,12,45.0,0,0,,2,2026-07-20T12:00:29.000000-03:00
35757,2026-07-20,Monday,Lat pulldown,Lat pulldown,1,12,40.0,0,0,,1,2026-07-20T12:00:29.000000-03:00
35756,2026-07-20,Monday,Machine chest press,Machine chest press,1,9,40.0,0,0,,4,2026-07-20T12:00:30.000000-03:00
35755,2026-07-20,Monday,Machine chest press,Machine chest press,1,8,50.0,0,0,,3,2026-07-20T12:00:30.000000-03:00
35754,2026-07-20,Monday,Machine chest press,Machine chest press,1,12,40.0,0,0,,2,2026-07-20T12:00:30.000000-03:00
35753,2026-07-20,Monday,Machine chest press,Machine chest press,1,12,40.0,0,0,,1,2026-07-20T12:00:30.000000-03:00
